marketDailySnapshots_id,marketDailySnapshots_timestamp,marketDailySnapshots_variableBorrowedTokenBalance,marketDailySnapshots_stableBorrowedTokenBalance,marketDailySnapshots_inputTokenPriceUSD,marketDailySnapshots_days,protocol,asset
0x4d5f47fa6a74757f35c14fd3a6ef8e3c9bc514e8b84b0000,1674863675,717513937133672865417,0,1592.84208522,19384,aave_v3_ethereum,wETH
0x4d5f47fa6a74757f35c14fd3a6ef8e3c9bc514e8b94b0000,1674950231,1509410674902345501942,0,1570.51,19385,aave_v3_ethereum,wETH
0x4d5f47fa6a74757f35c14fd3a6ef8e3c9bc514e8ba4b0000,1675036607,3141704172401535297888,0,1647.4995,19386,aave_v3_ethereum,wETH
0x4d5f47fa6a74757f35c14fd3a6ef8e3c9bc514e8bb4b0000,1675121399,4624142249588006591308,0,1559.96756462,19387,aave_v3_ethereum,wETH
0x4d5f47fa6a74757f35c14fd3a6ef8e3c9bc514e8bc4b0000,1675208687,5236847646602283418934,0,1585.19792,19388,aave_v3_ethereum,wETH
0x4d5f47fa6a74757f35c14fd3a6ef8e3c9bc514e8bd4b0000,1675295483,4775440333721561551446,0,1646.44104,19389,aave_v3_ethereum,wETH
0x4d5f47fa6a74757f35c14fd3a6ef8e3c9bc514e8be4b0000,1675381751,6504209472508814898477,0,1649.14518,19390,aave_v3_ethereum,wETH
0x4d5f47fa6a74757f35c14fd3a6ef8e3c9bc514e8bf4b0000,1675468199,6891027473403627584896,0,1666.37,19391,aave_v3_ethereum,wETH
0x4d5f47fa6a74757f35c14fd3a6ef8e3c9bc514e8c04b0000,1675554575,14740526707110929171046,0,1669.08374006,19392,aave_v3_ethereum,wETH
0x4d5f47fa6a74757f35c14fd3a6ef8e3c9bc514e8c14b0000,1675639907,15883976804475422686675,0,1636.2833,19393,aave_v3_ethereum,wETH
0x4d5f47fa6a74757f35c14fd3a6ef8e3c9bc514e8c24b0000,1675727315,20276308586091915052711,0,1615.6366358,19394,aave_v3_ethereum,wETH
0x4d5f47fa6a74757f35c14fd3a6ef8e3c9bc514e8c34b0000,1675814135,19318147808303689945544,0,1675.98896,19395,aave_v3_ethereum,wETH
0x4d5f47fa6a74757f35c14fd3a6ef8e3c9bc514e8c44b0000,1675896311,23774381821914641507515,0,1654.4,19396,aave_v3_ethereum,wETH
0x4d5f47fa6a74757f35c14fd3a6ef8e3c9bc514e8c54b0000,1675986683,26691311189113584413129,0,1542.1981,19397,aave_v3_ethereum,wETH
0x4d5f47fa6a74757f35c14fd3a6ef8e3c9bc514e8c64b0000,1676072915,26899131509703590176507,0,1512.49773281,19398,aave_v3_ethereum,wETH
0x4d5f47fa6a74757f35c14fd3a6ef8e3c9bc514e8c74b0000,1676159267,27323651210634327941387,0,1537.5327,19399,aave_v3_ethereum,wETH
0x4d5f47fa6a74757f35c14fd3a6ef8e3c9bc514e8c84b0000,1676246147,27641374263618260569188,0,1513.60536,19400,aave_v3_ethereum,wETH
0x4d5f47fa6a74757f35c14fd3a6ef8e3c9bc514e8c94b0000,1676332343,28367887735431373504612,0,1502.84518,19401,aave_v3_ethereum,wETH
0x4d5f47fa6a74757f35c14fd3a6ef8e3c9bc514e8ca4b0000,1676415947,28771371870657976558920,0,1553.16381,19402,aave_v3_ethereum,wETH
0x4d5f47fa6a74757f35c14fd3a6ef8e3c9bc514e8cb4b0000,1676505059,28430723607303492263591,0,1670.08,19403,aave_v3_ethereum,wETH
0x4d5f47fa6a74757f35c14fd3a6ef8e3c9bc514e8cc4b0000,1676591663,29820381466369748897538,0,1643.4445565,19404,aave_v3_ethereum,wETH
0x4d5f47fa6a74757f35c14fd3a6ef8e3c9bc514e8cd4b0000,1676678183,31197383975336412163501,0,1695.025,19405,aave_v3_ethereum,wETH
0x4d5f47fa6a74757f35c14fd3a6ef8e3c9bc514e8ce4b0000,1676763767,32852968829985651360212,0,1689.8,19406,aave_v3_ethereum,wETH
0x4d5f47fa6a74757f35c14fd3a6ef8e3c9bc514e8cf4b0000,1676850995,35344000364804362507753,0,1681.0112,19407,aave_v3_ethereum,wETH
0x4d5f47fa6a74757f35c14fd3a6ef8e3c9bc514e8d04b0000,1676937419,35389759207045990226410,0,1701.43840614,19408,aave_v3_ethereum,wETH
0x4d5f47fa6a74757f35c14fd3a6ef8e3c9bc514e8d14b0000,1677023783,36358847767336282214187,0,1657.23,19409,aave_v3_ethereum,wETH
0x4d5f47fa6a74757f35c14fd3a6ef8e3c9bc514e8d24b0000,1677109343,40326192365449473587972,0,1639.53,19410,aave_v3_ethereum,wETH
0x4d5f47fa6a74757f35c14fd3a6ef8e3c9bc514e8d34b0000,1677196247,41547354649621819004874,0,1647.3546,19411,aave_v3_ethereum,wETH
0x4d5f47fa6a74757f35c14fd3a6ef8e3c9bc514e8d44b0000,1677279575,39118898206329282440707,0,1603.6718,19412,aave_v3_ethereum,wETH
0x4d5f47fa6a74757f35c14fd3a6ef8e3c9bc514e8d54b0000,1677369503,42053727343464734450049,0,1594.97029432,19413,aave_v3_ethereum,wETH
0x4d5f47fa6a74757f35c14fd3a6ef8e3c9bc514e8d64b0000,1677455879,42876328131075852706228,0,1640.0287,19414,aave_v3_ethereum,wETH
0x4d5f47fa6a74757f35c14fd3a6ef8e3c9bc514e8d74b0000,1677541187,50192416220162597206823,0,1633.795,19415,aave_v3_ethereum,wETH
0x4d5f47fa6a74757f35c14fd3a6ef8e3c9bc514e8d84b0000,1677627779,50692544722083379045988,0,1611.01128294,19416,aave_v3_ethereum,wETH
0x4d5f47fa6a74757f35c14fd3a6ef8e3c9bc514e8d94b0000,1677714923,51425049702600592208618,0,1663.8,19417,aave_v3_ethereum,wETH
0x4d5f47fa6a74757f35c14fd3a6ef8e3c9bc514e8da4b0000,1677801587,51647455160276829342788,0,1647.8,19418,aave_v3_ethereum,wETH
0x4d5f47fa6a74757f35c14fd3a6ef8e3c9bc514e8db4b0000,1677885791,51258679125889609709755,0,1566.1532,19419,aave_v3_ethereum,wETH
0x4d5f47fa6a74757f35c14fd3a6ef8e3c9bc514e8dc4b0000,1677973943,51057455793151189233960,0,1562.36675,19420,aave_v3_ethereum,wETH
0x4d5f47fa6a74757f35c14fd3a6ef8e3c9bc514e8dd4b0000,1678060247,51144168481990644904830,0,1562.77757428,19421,aave_v3_ethereum,wETH
0x4d5f47fa6a74757f35c14fd3a6ef8e3c9bc514e8de4b0000,1678146347,56437096221934426615436,0,1568.81342258,19422,aave_v3_ethereum,wETH
0x4d5f47fa6a74757f35c14fd3a6ef8e3c9bc514e8df4b0000,1678231355,57713174509867444658428,0,1550.53,19423,aave_v3_ethereum,wETH
0x4d5f47fa6a74757f35c14fd3a6ef8e3c9bc514e8e04b0000,1678319963,58685494529655383325351,0,1532.76278,19424,aave_v3_ethereum,wETH
0x4d5f47fa6a74757f35c14fd3a6ef8e3c9bc514e8e14b0000,1678405907,77925856639741202082092,0,1434.3,19425,aave_v3_ethereum,wETH
0x4d5f47fa6a74757f35c14fd3a6ef8e3c9bc514e8e24b0000,1678492115,76879945779228404376868,0,1436.95748,19426,aave_v3_ethereum,wETH
0x4d5f47fa6a74757f35c14fd3a6ef8e3c9bc514e8e34b0000,1678578971,75633525436976455820670,0,1485.27,19427,aave_v3_ethereum,wETH
0x4d5f47fa6a74757f35c14fd3a6ef8e3c9bc514e8e44b0000,1678665551,80464192791298463924061,0,1586.69238,19428,aave_v3_ethereum,wETH
0x4d5f47fa6a74757f35c14fd3a6ef8e3c9bc514e8e54b0000,1678751939,91925122749256801863364,0,1677.37875514,19429,aave_v3_ethereum,wETH
0x4d5f47fa6a74757f35c14fd3a6ef8e3c9bc514e8e64b0000,1678837883,93482163784380480338304,0,1702.55,19430,aave_v3_ethereum,wETH
0x4d5f47fa6a74757f35c14fd3a6ef8e3c9bc514e8e74b0000,1678923863,93803599971831592070429,0,1656.92,19431,aave_v3_ethereum,wETH
0x4d5f47fa6a74757f35c14fd3a6ef8e3c9bc514e8e84b0000,1679010647,93986854754347131245789,0,1673.8634,19432,aave_v3_ethereum,wETH
0x4d5f47fa6a74757f35c14fd3a6ef8e3c9bc514e8e94b0000,1679097107,93758535566899256645861,0,1788.8,19433,aave_v3_ethereum,wETH
0x4d5f47fa6a74757f35c14fd3a6ef8e3c9bc514e8ea4b0000,1679182487,95341578500928540883700,0,1764.800549,19434,aave_v3_ethereum,wETH
0x4d5f47fa6a74757f35c14fd3a6ef8e3c9bc514e8eb4b0000,1679270291,95297255631854021181755,0,1782.563321,19435,aave_v3_ethereum,wETH
0x4d5f47fa6a74757f35c14fd3a6ef8e3c9bc514e8ec4b0000,1679354651,107487566034765744621691,0,1733.7712,19436,aave_v3_ethereum,wETH
0x4d5f47fa6a74757f35c14fd3a6ef8e3c9bc514e8ed4b0000,1679442503,101443378416813555499177,0,1797.47796761,19437,aave_v3_ethereum,wETH
0x4d5f47fa6a74757f35c14fd3a6ef8e3c9bc514e8ee4b0000,1679529455,102396545425051887726758,0,1739.28172,19438,aave_v3_ethereum,wETH
0x4d5f47fa6a74757f35c14fd3a6ef8e3c9bc514e8ef4b0000,1679615447,103656503904227516303578,0,1821.655924,19439,aave_v3_ethereum,wETH
0x4d5f47fa6a74757f35c14fd3a6ef8e3c9bc514e8f04b0000,1679700599,104108726896207453062051,0,1746.78,19440,aave_v3_ethereum,wETH
0x4d5f47fa6a74757f35c14fd3a6ef8e3c9bc514e8f14b0000,1679787191,111450728408979307209267,0,1739.17,19441,aave_v3_ethereum,wETH
0x4d5f47fa6a74757f35c14fd3a6ef8e3c9bc514e8f24b0000,1679875127,113540406098307432071800,0,1775.26274,19442,aave_v3_ethereum,wETH
0x4d5f47fa6a74757f35c14fd3a6ef8e3c9bc514e8f34b0000,1679960939,113784401742072789523294,0,1710.4,19443,aave_v3_ethereum,wETH
0x4d5f47fa6a74757f35c14fd3a6ef8e3c9bc514e8f44b0000,1680047495,112363467392429336953212,0,1769.6691,19444,aave_v3_ethereum,wETH
0x4d5f47fa6a74757f35c14fd3a6ef8e3c9bc514e8f54b0000,1680134231,116613916122106715640790,0,1792.73998958,19445,aave_v3_ethereum,wETH
0x4d5f47fa6a74757f35c14fd3a6ef8e3c9bc514e8f64b0000,1680220487,118249701824450497605571,0,1786.25695366,19446,aave_v3_ethereum,wETH
0x4d5f47fa6a74757f35c14fd3a6ef8e3c9bc514e8f74b0000,1680307151,120075245251234176670539,0,1822.13,19447,aave_v3_ethereum,wETH
0x4d5f47fa6a74757f35c14fd3a6ef8e3c9bc514e8f84b0000,1680393491,120328442862944009788802,0,1821.84391,19448,aave_v3_ethereum,wETH
0x4d5f47fa6a74757f35c14fd3a6ef8e3c9bc514e8f94b0000,1680479903,121574208328544878165934,0,1795.81658755,19449,aave_v3_ethereum,wETH
0x4d5f47fa6a74757f35c14fd3a6ef8e3c9bc514e8fa4b0000,1680566051,148592147666134652817677,0,1808.10795,19450,aave_v3_ethereum,wETH
0x4d5f47fa6a74757f35c14fd3a6ef8e3c9bc514e8fb4b0000,1680652187,147439171677203426862207,0,1867.1,19451,aave_v3_ethereum,wETH
0x4d5f47fa6a74757f35c14fd3a6ef8e3c9bc514e8fc4b0000,1680739031,153157720683824200246404,0,1909.52888,19452,aave_v3_ethereum,wETH
0x4d5f47fa6a74757f35c14fd3a6ef8e3c9bc514e8fd4b0000,1680825047,153192247659934509682453,0,1870.55751,19453,aave_v3_ethereum,wETH
0x4d5f47fa6a74757f35c14fd3a6ef8e3c9bc514e8fe4b0000,1680910343,152795496846386083841256,0,1866.28245549,19454,aave_v3_ethereum,wETH
0x4d5f47fa6a74757f35c14fd3a6ef8e3c9bc514e8ff4b0000,1680998399,140792954629697479480661,0,1848.93143574,19455,aave_v3_ethereum,wETH
0x4d5f47fa6a74757f35c14fd3a6ef8e3c9bc514e8004c0000,1681083623,150586513565790165908399,0,1867.1249,19456,aave_v3_ethereum,wETH
0x4d5f47fa6a74757f35c14fd3a6ef8e3c9bc514e8014c0000,1681168571,153037241104155729010736,0,1915.94,19457,aave_v3_ethereum,wETH
0x4d5f47fa6a74757f35c14fd3a6ef8e3c9bc514e8024c0000,1681254947,154508116437923994710242,0,1895.15,19458,aave_v3_ethereum,wETH
0x4d5f47fa6a74757f35c14fd3a6ef8e3c9bc514e8034c0000,1681343951,155234859369381654447494,0,1918.51841,19459,aave_v3_ethereum,wETH
0x4d5f47fa6a74757f35c14fd3a6ef8e3c9bc514e8044c0000,1681430363,147115677460402443893838,0,2011.60343,19460,aave_v3_ethereum,wETH
0x4d5f47fa6a74757f35c14fd3a6ef8e3c9bc514e8054c0000,1681514615,144507732358818178189406,0,2106.45481372,19461,aave_v3_ethereum,wETH
0x4d5f47fa6a74757f35c14fd3a6ef8e3c9bc514e8064c0000,1681602515,143452088720343031329290,0,2096.79182516,19462,aave_v3_ethereum,wETH
0x4d5f47fa6a74757f35c14fd3a6ef8e3c9bc514e8074c0000,1681689587,140598807804943531923994,0,2120.13,19463,aave_v3_ethereum,wETH
0x4d5f47fa6a74757f35c14fd3a6ef8e3c9bc514e8084c0000,1681774871,139633794975106084302373,0,2082.4725,19464,aave_v3_ethereum,wETH
0x4d5f47fa6a74757f35c14fd3a6ef8e3c9bc514e8094c0000,1681862279,141291370121785624378744,0,2104.13,19465,aave_v3_ethereum,wETH
0x4d5f47fa6a74757f35c14fd3a6ef8e3c9bc514e80a4c0000,1681948091,138778707844916366835491,0,1966.76996,19466,aave_v3_ethereum,wETH
0x4d5f47fa6a74757f35c14fd3a6ef8e3c9bc514e80b4c0000,1682035175,138880777746876423186838,0,1944.7406,19467,aave_v3_ethereum,wETH
0x4d5f47fa6a74757f35c14fd3a6ef8e3c9bc514e80c4c0000,1682121023,137669726870464859228693,0,1844.0957612,19468,aave_v3_ethereum,wETH
0x4d5f47fa6a74757f35c14fd3a6ef8e3c9bc514e80d4c0000,1682207039,136628542082837076695275,0,1876.37,19469,aave_v3_ethereum,wETH
0x4d5f47fa6a74757f35c14fd3a6ef8e3c9bc514e80e4c0000,1682294387,133302286302025659357450,0,1862.3994,19470,aave_v3_ethereum,wETH
0x4d5f47fa6a74757f35c14fd3a6ef8e3c9bc514e80f4c0000,1682380439,134292516296550902296286,0,1839.09769391,19471,aave_v3_ethereum,wETH
0x4d5f47fa6a74757f35c14fd3a6ef8e3c9bc514e8104c0000,1682466731,141891259360757046966561,0,1870.63,19472,aave_v3_ethereum,wETH
0x4d5f47fa6a74757f35c14fd3a6ef8e3c9bc514e8114c0000,1682553287,141253990692818395458707,0,1867.21,19473,aave_v3_ethereum,wETH
0x4d5f47fa6a74757f35c14fd3a6ef8e3c9bc514e8124c0000,1682639471,144230541651351434171935,0,1908.95803411,19474,aave_v3_ethereum,wETH
0x4d5f47fa6a74757f35c14fd3a6ef8e3c9bc514e8134c0000,1682726375,142074576660576433621635,0,1892.98,19475,aave_v3_ethereum,wETH
0x4d5f47fa6a74757f35c14fd3a6ef8e3c9bc514e8144c0000,1682812571,139887842828612568917253,0,1907.17155,19476,aave_v3_ethereum,wETH
0x4d5f47fa6a74757f35c14fd3a6ef8e3c9bc514e8154c0000,1682898407,139876842068699890100149,0,1894.3684,19477,aave_v3_ethereum,wETH
0x4d5f47fa6a74757f35c14fd3a6ef8e3c9bc514e8164c0000,1682984927,135835227261395949843201,0,1826.42,19478,aave_v3_ethereum,wETH
0x4d5f47fa6a74757f35c14fd3a6ef8e3c9bc514e8174c0000,1683070967,131726225244601467920098,0,1874.98,19479,aave_v3_ethereum,wETH
0x4d5f47fa6a74757f35c14fd3a6ef8e3c9bc514e8184c0000,1683157751,154333883442376814310551,0,1908.72159691,19480,aave_v3_ethereum,wETH
0x4d5f47fa6a74757f35c14fd3a6ef8e3c9bc514e8194c0000,1683244247,154899169254820938054927,0,1874.04,19481,aave_v3_ethereum,wETH
0x4d5f47fa6a74757f35c14fd3a6ef8e3c9bc514e81a4c0000,1683325103,162162996331348438835440,0,1987.43,19482,aave_v3_ethereum,wETH
0x4d5f47fa6a74757f35c14fd3a6ef8e3c9bc514e81b4c0000,1683414887,165976291400619589836879,0,1899.47807,19483,aave_v3_ethereum,wETH
0x4d5f47fa6a74757f35c14fd3a6ef8e3c9bc514e81c4c0000,1683499931,156657383613899282485834,0,1912.55,19484,aave_v3_ethereum,wETH
0x4d5f47fa6a74757f35c14fd3a6ef8e3c9bc514e81d4c0000,1683590075,152701991978210270079813,0,1845.97,19485,aave_v3_ethereum,wETH
0x4d5f47fa6a74757f35c14fd3a6ef8e3c9bc514e81e4c0000,1683676583,155517787494713913752646,0,1848.88,19486,aave_v3_ethereum,wETH
0x4d5f47fa6a74757f35c14fd3a6ef8e3c9bc514e81f4c0000,1683761723,159406422129532460774014,0,1843.19,19487,aave_v3_ethereum,wETH
0x4d5f47fa6a74757f35c14fd3a6ef8e3c9bc514e8204c0000,1683849491,158929947173705406754417,0,1798.1,19488,aave_v3_ethereum,wETH
0x4d5f47fa6a74757f35c14fd3a6ef8e3c9bc514e8214c0000,1683932819,159438210770916138248293,0,1802.9,19489,aave_v3_ethereum,wETH
0x4d5f47fa6a74757f35c14fd3a6ef8e3c9bc514e8224c0000,1684021499,161291087527647624784928,0,1802.6153,19490,aave_v3_ethereum,wETH
0x4d5f47fa6a74757f35c14fd3a6ef8e3c9bc514e8234c0000,1684108475,164306542230290164681069,0,1800.8,19491,aave_v3_ethereum,wETH
0x4d5f47fa6a74757f35c14fd3a6ef8e3c9bc514e8244c0000,1684194383,161712320316908825828847,0,1823.96,19492,aave_v3_ethereum,wETH
0x4d5f47fa6a74757f35c14fd3a6ef8e3c9bc514e8254c0000,1684275263,159840039575693138674890,0,1827.74896029,19493,aave_v3_ethereum,wETH
0x4d5f47fa6a74757f35c14fd3a6ef8e3c9bc514e8264c0000,1684364723,162257972367596602767970,0,1820.52679362,19494,aave_v3_ethereum,wETH
0x4d5f47fa6a74757f35c14fd3a6ef8e3c9bc514e8274c0000,1684451783,164049210716251823276707,0,1809.7,19495,aave_v3_ethereum,wETH
0x4d5f47fa6a74757f35c14fd3a6ef8e3c9bc514e8284c0000,1684540463,165565509525997247671165,0,1812.99445,19496,aave_v3_ethereum,wETH
0x4d5f47fa6a74757f35c14fd3a6ef8e3c9bc514e8294c0000,1684626299,165375966012024204553120,0,1818.69,19497,aave_v3_ethereum,wETH
0x4d5f47fa6a74757f35c14fd3a6ef8e3c9bc514e82a4c0000,1684713359,164817015209880990703640,0,1804.62203291,19498,aave_v3_ethereum,wETH
0x4d5f47fa6a74757f35c14fd3a6ef8e3c9bc514e82b4c0000,1684798583,165098380537441564928049,0,1819.08,19499,aave_v3_ethereum,wETH
0x4d5f47fa6a74757f35c14fd3a6ef8e3c9bc514e82c4c0000,1684884371,160413969226967212483440,0,1853.6691,19500,aave_v3_ethereum,wETH
0x4d5f47fa6a74757f35c14fd3a6ef8e3c9bc514e82d4c0000,1684972751,159941367731102399996013,0,1800.54,19501,aave_v3_ethereum,wETH
0x4d5f47fa6a74757f35c14fd3a6ef8e3c9bc514e82e4c0000,1685057207,161325716100413789462060,0,1807.66,19502,aave_v3_ethereum,wETH
0x4d5f47fa6a74757f35c14fd3a6ef8e3c9bc514e82f4c0000,1685144063,161803905268173949160151,0,1828.71956185,19503,aave_v3_ethereum,wETH
0x4d5f47fa6a74757f35c14fd3a6ef8e3c9bc514e8304c0000,1685230607,162562783883395034027092,0,1830.39,19504,aave_v3_ethereum,wETH
0x4d5f47fa6a74757f35c14fd3a6ef8e3c9bc514e8314c0000,1685317403,161671466310211959932964,0,1905.53822374,19505,aave_v3_ethereum,wETH
0x4d5f47fa6a74757f35c14fd3a6ef8e3c9bc514e8324c0000,1685402627,155878005656107045009973,0,1892.43,19506,aave_v3_ethereum,wETH
0x4d5f47fa6a74757f35c14fd3a6ef8e3c9bc514e8334c0000,1685485355,156287399298733288253436,0,1905.908177,19507,aave_v3_ethereum,wETH
0x4d5f47fa6a74757f35c14fd3a6ef8e3c9bc514e8344c0000,1685573195,169175162845872650736713,0,1864.86699,19508,aave_v3_ethereum,wETH
0x4d5f47fa6a74757f35c14fd3a6ef8e3c9bc514e8354c0000,1685660099,171589671972100226503980,0,1869.59591039,19509,aave_v3_ethereum,wETH
0x4d5f47fa6a74757f35c14fd3a6ef8e3c9bc514e8364c0000,1685749703,171592569964805670165580,0,1906.97772,19510,aave_v3_ethereum,wETH
0x4d5f47fa6a74757f35c14fd3a6ef8e3c9bc514e8374c0000,1685836571,169849097895019645564317,0,1891.98,19511,aave_v3_ethereum,wETH
0x4d5f47fa6a74757f35c14fd3a6ef8e3c9bc514e8384c0000,1685922839,170792991111111635300661,0,1894.3934,19512,aave_v3_ethereum,wETH
0x4d5f47fa6a74757f35c14fd3a6ef8e3c9bc514e8394c0000,1686008171,170122995082876527265266,0,1807.17034,19513,aave_v3_ethereum,wETH
0x4d5f47fa6a74757f35c14fd3a6ef8e3c9bc514e83a4c0000,1686095279,168633904136490613092134,0,1883.1,19514,aave_v3_ethereum,wETH
0x4d5f47fa6a74757f35c14fd3a6ef8e3c9bc514e83b4c0000,1686182339,169394175106369942626519,0,1833.2,19515,aave_v3_ethereum,wETH
0x4d5f47fa6a74757f35c14fd3a6ef8e3c9bc514e83c4c0000,1686265907,169990573930564343109971,0,1849.98,19516,aave_v3_ethereum,wETH
0x4d5f47fa6a74757f35c14fd3a6ef8e3c9bc514e83d4c0000,1686354299,169174517335447553860265,0,1836.78234544,19517,aave_v3_ethereum,wETH
0x4d5f47fa6a74757f35c14fd3a6ef8e3c9bc514e83e4c0000,1686440783,172157596821603957827169,0,1754.0,19518,aave_v3_ethereum,wETH
0x4d5f47fa6a74757f35c14fd3a6ef8e3c9bc514e83f4c0000,1686526667,171453922586863440869210,0,1753.48844921,19519,aave_v3_ethereum,wETH
0x4d5f47fa6a74757f35c14fd3a6ef8e3c9bc514e8404c0000,1686613823,168560882885816466428907,0,1742.965514,19520,aave_v3_ethereum,wETH
0x4d5f47fa6a74757f35c14fd3a6ef8e3c9bc514e8414c0000,1686699731,163931889506315019997707,0,1734.82663578,19521,aave_v3_ethereum,wETH
0x4d5f47fa6a74757f35c14fd3a6ef8e3c9bc514e8424c0000,1686787127,163896155084550353068830,0,1650.25,19522,aave_v3_ethereum,wETH
0x4d5f47fa6a74757f35c14fd3a6ef8e3c9bc514e8434c0000,1686869771,164143051947798281789121,0,1663.94,19523,aave_v3_ethereum,wETH
0x4d5f47fa6a74757f35c14fd3a6ef8e3c9bc514e8444c0000,1686958055,163066328332053760259828,0,1718.47410374,19524,aave_v3_ethereum,wETH
0x4d5f47fa6a74757f35c14fd3a6ef8e3c9bc514e8454c0000,1687045547,163125852089534791218810,0,1730.03052,19525,aave_v3_ethereum,wETH
0x4d5f47fa6a74757f35c14fd3a6ef8e3c9bc514e8464c0000,1687132679,163781338042121884809315,0,1720.16053,19526,aave_v3_ethereum,wETH
0x4d5f47fa6a74757f35c14fd3a6ef8e3c9bc514e8474c0000,1687219067,164807655943912798618213,0,1734.74648497,19527,aave_v3_ethereum,wETH
0x4d5f47fa6a74757f35c14fd3a6ef8e3c9bc514e8484c0000,1687305023,164973069807199911336097,0,1787.0227,19528,aave_v3_ethereum,wETH
0x4d5f47fa6a74757f35c14fd3a6ef8e3c9bc514e8494c0000,1687391903,164545451123799445884210,0,1891.60233848,19529,aave_v3_ethereum,wETH
0x4d5f47fa6a74757f35c14fd3a6ef8e3c9bc514e84a4c0000,1687477523,163982581617870232383476,0,1873.54,19530,aave_v3_ethereum,wETH
0x4d5f47fa6a74757f35c14fd3a6ef8e3c9bc514e84b4c0000,1687564631,164106068303188082201334,0,1891.07,19531,aave_v3_ethereum,wETH
0x4d5f47fa6a74757f35c14fd3a6ef8e3c9bc514e84c4c0000,1687650395,164163737108289402067583,0,1875.76248787,19532,aave_v3_ethereum,wETH
0x4d5f47fa6a74757f35c14fd3a6ef8e3c9bc514e84d4c0000,1687736651,164585595153335035665566,0,1901.530443,19533,aave_v3_ethereum,wETH
0x4d5f47fa6a74757f35c14fd3a6ef8e3c9bc514e84e4c0000,1687822799,164630739056647154836968,0,1859.6631,19534,aave_v3_ethereum,wETH
0x4d5f47fa6a74757f35c14fd3a6ef8e3c9bc514e84f4c0000,1687910015,164627130742887405843172,0,1886.99152802,19535,aave_v3_ethereum,wETH
0x4d5f47fa6a74757f35c14fd3a6ef8e3c9bc514e8504c0000,1687995047,168336968020042621877803,0,1827.31,19536,aave_v3_ethereum,wETH
0x4d5f47fa6a74757f35c14fd3a6ef8e3c9bc514e8514c0000,1688081183,169031490724843120226259,0,1853.56052001,19537,aave_v3_ethereum,wETH
0x4d5f47fa6a74757f35c14fd3a6ef8e3c9bc514e8524c0000,1688168627,168442370154300320807469,0,1933.2905,19538,aave_v3_ethereum,wETH
0x4d5f47fa6a74757f35c14fd3a6ef8e3c9bc514e8534c0000,1688255723,181573560478564013192423,0,1924.99852872,19539,aave_v3_ethereum,wETH
0x4d5f47fa6a74757f35c14fd3a6ef8e3c9bc514e8544c0000,1688341967,164745194255153909931538,0,1940.3,19540,aave_v3_ethereum,wETH
0x4d5f47fa6a74757f35c14fd3a6ef8e3c9bc514e8554c0000,1688428415,164100141918699540067473,0,1956.38,19541,aave_v3_ethereum,wETH
0x4d5f47fa6a74757f35c14fd3a6ef8e3c9bc514e8564c0000,1688514263,164807055364071135756260,0,1941.3423,19542,aave_v3_ethereum,wETH
0x4d5f47fa6a74757f35c14fd3a6ef8e3c9bc514e8574c0000,1688601323,170776207847791835274257,0,1909.3127248,19543,aave_v3_ethereum,wETH
0x4d5f47fa6a74757f35c14fd3a6ef8e3c9bc514e8584c0000,1688687687,171073862567035839658831,0,1855.58878733,19544,aave_v3_ethereum,wETH
0x4d5f47fa6a74757f35c14fd3a6ef8e3c9bc514e8594c0000,1688773787,170387332349404958778887,0,1868.75306878,19545,aave_v3_ethereum,wETH
0x4d5f47fa6a74757f35c14fd3a6ef8e3c9bc514e85a4c0000,1688859695,170769354151077515350827,0,1860.48,19546,aave_v3_ethereum,wETH
0x4d5f47fa6a74757f35c14fd3a6ef8e3c9bc514e85b4c0000,1688946347,170861227288303845928503,0,1867.28,19547,aave_v3_ethereum,wETH
0x4d5f47fa6a74757f35c14fd3a6ef8e3c9bc514e85c4c0000,1689031583,171022573146875564403594,0,1875.8137,19548,aave_v3_ethereum,wETH
0x4d5f47fa6a74757f35c14fd3a6ef8e3c9bc514e85d4c0000,1689118223,171217687724085185932948,0,1877.36925002,19549,aave_v3_ethereum,wETH
0x4d5f47fa6a74757f35c14fd3a6ef8e3c9bc514e85e4c0000,1689206207,170339488934443020312492,0,1871.88,19550,aave_v3_ethereum,wETH
0x4d5f47fa6a74757f35c14fd3a6ef8e3c9bc514e85f4c0000,1689292667,171168762065732724836303,0,2004.1323209,19551,aave_v3_ethereum,wETH
0x4d5f47fa6a74757f35c14fd3a6ef8e3c9bc514e8604c0000,1689378995,170264761464308040579125,0,1938.29716997,19552,aave_v3_ethereum,wETH
0x4d5f47fa6a74757f35c14fd3a6ef8e3c9bc514e8614c0000,1689465167,170049952905297949171393,0,1928.592,19553,aave_v3_ethereum,wETH
0x4d5f47fa6a74757f35c14fd3a6ef8e3c9bc514e8624c0000,1689551567,168900570100741139941244,0,1924.84023741,19554,aave_v3_ethereum,wETH
0x4d5f47fa6a74757f35c14fd3a6ef8e3c9bc514e8634c0000,1689637847,167193118237770877537059,0,1912.25356868,19555,aave_v3_ethereum,wETH
0x4d5f47fa6a74757f35c14fd3a6ef8e3c9bc514e8644c0000,1689724751,166088789811351984878004,0,1897.47408178,19556,aave_v3_ethereum,wETH
0x4d5f47fa6a74757f35c14fd3a6ef8e3c9bc514e8654c0000,1689809375,162941850958882531257988,0,1887.259289,19557,aave_v3_ethereum,wETH
0x4d5f47fa6a74757f35c14fd3a6ef8e3c9bc514e8664c0000,1689897083,159313688642508514918331,0,1894.0617,19558,aave_v3_ethereum,wETH
0x4d5f47fa6a74757f35c14fd3a6ef8e3c9bc514e8674c0000,1689983015,159252237720202818126727,0,1893.779539,19559,aave_v3_ethereum,wETH
0x4d5f47fa6a74757f35c14fd3a6ef8e3c9bc514e8684c0000,1690070375,160350624690558879461655,0,1863.36,19560,aave_v3_ethereum,wETH
0x4d5f47fa6a74757f35c14fd3a6ef8e3c9bc514e8694c0000,1690156019,160365080552556195447302,0,1884.1688,19561,aave_v3_ethereum,wETH
0x4d5f47fa6a74757f35c14fd3a6ef8e3c9bc514e86a4c0000,1690243175,160843878596364115054566,0,1850.47,19562,aave_v3_ethereum,wETH
0x4d5f47fa6a74757f35c14fd3a6ef8e3c9bc514e86b4c0000,1690329071,160991446153491321815211,0,1860.0892,19563,aave_v3_ethereum,wETH
0x4d5f47fa6a74757f35c14fd3a6ef8e3c9bc514e86c4c0000,1690414247,161032750676401899336334,0,1871.76558619,19564,aave_v3_ethereum,wETH
0x4d5f47fa6a74757f35c14fd3a6ef8e3c9bc514e86d4c0000,1690502315,160818831711237322783997,0,1860.367782,19565,aave_v3_ethereum,wETH
0x4d5f47fa6a74757f35c14fd3a6ef8e3c9bc514e86e4c0000,1690587791,160768867028556508593284,0,1876.63002978,19566,aave_v3_ethereum,wETH
0x4d5f47fa6a74757f35c14fd3a6ef8e3c9bc514e86f4c0000,1690674215,162634741085419967999222,0,1880.29,19567,aave_v3_ethereum,wETH
0x4d5f47fa6a74757f35c14fd3a6ef8e3c9bc514e8704c0000,1690761419,175202208571713738797937,0,1861.87518,19568,aave_v3_ethereum,wETH
0x4d5f47fa6a74757f35c14fd3a6ef8e3c9bc514e8714c0000,1690847435,192127074814170227559627,0,1855.59647616,19569,aave_v3_ethereum,wETH
0x4d5f47fa6a74757f35c14fd3a6ef8e3c9bc514e8724c0000,1690934195,166912173561825499215848,0,1870.25605222,19570,aave_v3_ethereum,wETH
0x4d5f47fa6a74757f35c14fd3a6ef8e3c9bc514e8734c0000,1691019959,188378457917908955735456,0,1841.86,19571,aave_v3_ethereum,wETH
0x4d5f47fa6a74757f35c14fd3a6ef8e3c9bc514e8744c0000,1691106455,185807937394437275415206,0,1835.6328,19572,aave_v3_ethereum,wETH
0x4d5f47fa6a74757f35c14fd3a6ef8e3c9bc514e8754c0000,1691192987,183064640031918711101544,0,1826.50285406,19573,aave_v3_ethereum,wETH
0x4d5f47fa6a74757f35c14fd3a6ef8e3c9bc514e8764c0000,1691278247,182407304389668946479264,0,1836.88632051,19574,aave_v3_ethereum,wETH
0x4d5f47fa6a74757f35c14fd3a6ef8e3c9bc514e8774c0000,1691365931,184174090416846929294412,0,1827.31332,19575,aave_v3_ethereum,wETH
0x4d5f47fa6a74757f35c14fd3a6ef8e3c9bc514e8784c0000,1691452151,181179069508677261288136,0,1825.27,19576,aave_v3_ethereum,wETH
0x4d5f47fa6a74757f35c14fd3a6ef8e3c9bc514e8794c0000,1691538755,154215674091087113813592,0,1856.69,19577,aave_v3_ethereum,wETH
0x4d5f47fa6a74757f35c14fd3a6ef8e3c9bc514e87a4c0000,1691625407,153816752721929359209513,0,1855.37883514,19578,aave_v3_ethereum,wETH
0x4d5f47fa6a74757f35c14fd3a6ef8e3c9bc514e87b4c0000,1691711543,153869888386065586218465,0,1850.301601,19579,aave_v3_ethereum,wETH
0x4d5f47fa6a74757f35c14fd3a6ef8e3c9bc514e87c4c0000,1691798171,152669599063660630554208,0,1847.64,19580,aave_v3_ethereum,wETH
0x4d5f47fa6a74757f35c14fd3a6ef8e3c9bc514e87d4c0000,1691884595,153746734265854808079252,0,1848.97,19581,aave_v3_ethereum,wETH
0x4d5f47fa6a74757f35c14fd3a6ef8e3c9bc514e87e4c0000,1691970395,152279548502262556026523,0,1838.05958915,19582,aave_v3_ethereum,wETH
0x4d5f47fa6a74757f35c14fd3a6ef8e3c9bc514e87f4c0000,1692057107,157866770164641318569939,0,1844.12,19583,aave_v3_ethereum,wETH
0x4d5f47fa6a74757f35c14fd3a6ef8e3c9bc514e8804c0000,1692143963,162104496612619503381309,0,1826.97523053,19584,aave_v3_ethereum,wETH
0x4d5f47fa6a74757f35c14fd3a6ef8e3c9bc514e8814c0000,1692230195,165013821935213030373128,0,1806.41303008,19585,aave_v3_ethereum,wETH
0x4d5f47fa6a74757f35c14fd3a6ef8e3c9bc514e8824c0000,1692316703,168426684502413368574926,0,1683.55,19586,aave_v3_ethereum,wETH
0x4d5f47fa6a74757f35c14fd3a6ef8e3c9bc514e8834c0000,1692403091,165811401027918259571214,0,1661.44,19587,aave_v3_ethereum,wETH
0x4d5f47fa6a74757f35c14fd3a6ef8e3c9bc514e8844c0000,1692487799,166391798820998609684074,0,1664.7307,19588,aave_v3_ethereum,wETH
0x4d5f47fa6a74757f35c14fd3a6ef8e3c9bc514e8854c0000,1692571451,172063321403334599284098,0,1683.0831095,19589,aave_v3_ethereum,wETH
0x4d5f47fa6a74757f35c14fd3a6ef8e3c9bc514e8864c0000,1692661499,172186166374052454838866,0,1667.6,19590,aave_v3_ethereum,wETH
0x4d5f47fa6a74757f35c14fd3a6ef8e3c9bc514e8874c0000,1692748775,174367291311720556995600,0,1634.265,19591,aave_v3_ethereum,wETH
0x4d5f47fa6a74757f35c14fd3a6ef8e3c9bc514e8884c0000,1692835103,172501959620428653277145,0,1678.15,19592,aave_v3_ethereum,wETH
0x4d5f47fa6a74757f35c14fd3a6ef8e3c9bc514e8894c0000,1692921191,175684791500412042383672,0,1654.186935,19593,aave_v3_ethereum,wETH
0x4d5f47fa6a74757f35c14fd3a6ef8e3c9bc514e88a4c0000,1693007327,172874616954088114337539,0,1652.8618,19594,aave_v3_ethereum,wETH
0x4d5f47fa6a74757f35c14fd3a6ef8e3c9bc514e88b4c0000,1693093247,175303952011565603524534,0,1647.594845,19595,aave_v3_ethereum,wETH
0x4d5f47fa6a74757f35c14fd3a6ef8e3c9bc514e88c4c0000,1693179803,172855663039133760077136,0,1656.2225,19596,aave_v3_ethereum,wETH
0x4d5f47fa6a74757f35c14fd3a6ef8e3c9bc514e88d4c0000,1693266827,229449836203715223652410,0,1649.48,19597,aave_v3_ethereum,wETH
0x4d5f47fa6a74757f35c14fd3a6ef8e3c9bc514e88e4c0000,1693353071,247757981214377499669826,0,1729.2024,19598,aave_v3_ethereum,wETH
0x4d5f47fa6a74757f35c14fd3a6ef8e3c9bc514e88f4c0000,1693439963,249389464315024713496222,0,1704.9717649,19599,aave_v3_ethereum,wETH
0x4d5f47fa6a74757f35c14fd3a6ef8e3c9bc514e8904c0000,1693526159,255763170260340095844647,0,1647.82241616,19600,aave_v3_ethereum,wETH
0x4d5f47fa6a74757f35c14fd3a6ef8e3c9bc514e8914c0000,1693612091,256903614767522727183487,0,1626.25,19601,aave_v3_ethereum,wETH
0x4d5f47fa6a74757f35c14fd3a6ef8e3c9bc514e8924c0000,1693699079,258098548293953834198615,0,1636.4304,19602,aave_v3_ethereum,wETH
0x4d5f47fa6a74757f35c14fd3a6ef8e3c9bc514e8934c0000,1693785599,255211721290776741930353,0,1635.90878,19603,aave_v3_ethereum,wETH
0x4d5f47fa6a74757f35c14fd3a6ef8e3c9bc514e8944c0000,1693871387,255432127438227297297083,0,1622.57827374,19604,aave_v3_ethereum,wETH
0x4d5f47fa6a74757f35c14fd3a6ef8e3c9bc514e8954c0000,1693957871,258205267554046351790951,0,1631.15,19605,aave_v3_ethereum,wETH
0x4d5f47fa6a74757f35c14fd3a6ef8e3c9bc514e8964c0000,1694044067,247833917751062386896032,0,1631.21,19606,aave_v3_ethereum,wETH
0x4d5f47fa6a74757f35c14fd3a6ef8e3c9bc514e8974c0000,1694130167,271903490229727401493388,0,1644.56,19607,aave_v3_ethereum,wETH
0x4d5f47fa6a74757f35c14fd3a6ef8e3c9bc514e8984c0000,1694216903,273326145843555396937848,0,1635.76439,19608,aave_v3_ethereum,wETH
0x4d5f47fa6a74757f35c14fd3a6ef8e3c9bc514e8994c0000,1694303543,271421053578311913235918,0,1636.01600433,19609,aave_v3_ethereum,wETH
0x4d5f47fa6a74757f35c14fd3a6ef8e3c9bc514e89a4c0000,1694389415,271060864227377461457672,0,1620.07,19610,aave_v3_ethereum,wETH
0x4d5f47fa6a74757f35c14fd3a6ef8e3c9bc514e89b4c0000,1694476763,266459251985881368820424,0,1549.79,19611,aave_v3_ethereum,wETH
0x4d5f47fa6a74757f35c14fd3a6ef8e3c9bc514e89c4c0000,1694563091,269366572914433673759594,0,1593.97,19612,aave_v3_ethereum,wETH
0x4d5f47fa6a74757f35c14fd3a6ef8e3c9bc514e89d4c0000,1694647823,270252055623741796614473,0,1606.96766678,19613,aave_v3_ethereum,wETH
0x4d5f47fa6a74757f35c14fd3a6ef8e3c9bc514e89e4c0000,1694735939,269492510910046786343957,0,1626.80190192,19614,aave_v3_ethereum,wETH
0x4d5f47fa6a74757f35c14fd3a6ef8e3c9bc514e89f4c0000,1694821739,270792214691570387894490,0,1647.68499087,19615,aave_v3_ethereum,wETH
0x4d5f47fa6a74757f35c14fd3a6ef8e3c9bc514e8a04c0000,1694906975,269960940142337904201233,0,1636.59,19616,aave_v3_ethereum,wETH
0x4d5f47fa6a74757f35c14fd3a6ef8e3c9bc514e8a14c0000,1694994731,269988945598685229095826,0,1619.2809,19617,aave_v3_ethereum,wETH
0x4d5f47fa6a74757f35c14fd3a6ef8e3c9bc514e8a24c0000,1695079607,262398792239307025736408,0,1641.93,19618,aave_v3_ethereum,wETH
0x4d5f47fa6a74757f35c14fd3a6ef8e3c9bc514e8a34c0000,1695167999,275102077663728149454870,0,1643.74533,19619,aave_v3_ethereum,wETH
0x4d5f47fa6a74757f35c14fd3a6ef8e3c9bc514e8a44c0000,1695253187,266430169590188418861257,0,1622.834051,19620,aave_v3_ethereum,wETH
0x4d5f47fa6a74757f35c14fd3a6ef8e3c9bc514e8a54c0000,1695340379,269121502318704169849365,0,1585.55,19621,aave_v3_ethereum,wETH
0x4d5f47fa6a74757f35c14fd3a6ef8e3c9bc514e8a64c0000,1695427175,282621252434798156882635,0,1593.192,19622,aave_v3_ethereum,wETH
0x4d5f47fa6a74757f35c14fd3a6ef8e3c9bc514e8a74c0000,1695513395,286836547767814465401367,0,1593.931,19623,aave_v3_ethereum,wETH
0x4d5f47fa6a74757f35c14fd3a6ef8e3c9bc514e8a84c0000,1695599963,285232915615692980427806,0,1580.97494,19624,aave_v3_ethereum,wETH
0x4d5f47fa6a74757f35c14fd3a6ef8e3c9bc514e8a94c0000,1695686375,288718550737417385431906,0,1588.71221,19625,aave_v3_ethereum,wETH
0x4d5f47fa6a74757f35c14fd3a6ef8e3c9bc514e8aa4c0000,1695772571,286786191339274581510132,0,1592.54976287,19626,aave_v3_ethereum,wETH
0x4d5f47fa6a74757f35c14fd3a6ef8e3c9bc514e8ab4c0000,1695858503,291936957540230794061729,0,1595.73079,19627,aave_v3_ethereum,wETH
0x4d5f47fa6a74757f35c14fd3a6ef8e3c9bc514e8ac4c0000,1695945227,286873336691952242735822,0,1651.06397,19628,aave_v3_ethereum,wETH
0x4d5f47fa6a74757f35c14fd3a6ef8e3c9bc514e8ad4c0000,1696031639,294427778835585066514582,0,1667.34930728,19629,aave_v3_ethereum,wETH
0x4d5f47fa6a74757f35c14fd3a6ef8e3c9bc514e8ae4c0000,1696117871,294382071131156137955532,0,1675.02,19630,aave_v3_ethereum,wETH
0x4d5f47fa6a74757f35c14fd3a6ef8e3c9bc514e8af4c0000,1696204787,294835545297974880096479,0,1733.18061,19631,aave_v3_ethereum,wETH
0x4d5f47fa6a74757f35c14fd3a6ef8e3c9bc514e8b04c0000,1696288127,293525825704632392449617,0,1660.704569,19632,aave_v3_ethereum,wETH
0x4d5f47fa6a74757f35c14fd3a6ef8e3c9bc514e8b14c0000,1696377599,294117343255340301677103,0,1656.3446029,19633,aave_v3_ethereum,wETH
0x4d5f47fa6a74757f35c14fd3a6ef8e3c9bc514e8b24c0000,1696463783,296102419832372898117350,0,1647.27309644,19634,aave_v3_ethereum,wETH
0x4d5f47fa6a74757f35c14fd3a6ef8e3c9bc514e8b34c0000,1696550327,297620510200358072674220,0,1611.3832,19635,aave_v3_ethereum,wETH
0x4d5f47fa6a74757f35c14fd3a6ef8e3c9bc514e8b44c0000,1696636571,302356325642425964194740,0,1645.67,19636,aave_v3_ethereum,wETH
0x4d5f47fa6a74757f35c14fd3a6ef8e3c9bc514e8b54c0000,1696722995,304089120063113493420944,0,1634.56239197,19637,aave_v3_ethereum,wETH
0x4d5f47fa6a74757f35c14fd3a6ef8e3c9bc514e8b64c0000,1696808627,307379126016551828842336,0,1630.96,19638,aave_v3_ethereum,wETH
0x4d5f47fa6a74757f35c14fd3a6ef8e3c9bc514e8b74c0000,1696895795,310229059837386939419827,0,1580.6762,19639,aave_v3_ethereum,wETH
0x4d5f47fa6a74757f35c14fd3a6ef8e3c9bc514e8b84c0000,1696982183,307023377405197481885410,0,1567.56,19640,aave_v3_ethereum,wETH
0x4d5f47fa6a74757f35c14fd3a6ef8e3c9bc514e8b94c0000,1697068055,301431121642742622611955,0,1565.48659235,19641,aave_v3_ethereum,wETH
0x4d5f47fa6a74757f35c14fd3a6ef8e3c9bc514e8ba4c0000,1697154503,314968317144942896650419,0,1538.84,19642,aave_v3_ethereum,wETH
0x4d5f47fa6a74757f35c14fd3a6ef8e3c9bc514e8bb4c0000,1697239691,291675042049785216920411,0,1547.743,19643,aave_v3_ethereum,wETH
0x4d5f47fa6a74757f35c14fd3a6ef8e3c9bc514e8bc4c0000,1697325755,291774530532256484892244,0,1556.3841,19644,aave_v3_ethereum,wETH
0x4d5f47fa6a74757f35c14fd3a6ef8e3c9bc514e8bd4c0000,1697413631,291636425535352635577474,0,1554.1795,19645,aave_v3_ethereum,wETH
0x4d5f47fa6a74757f35c14fd3a6ef8e3c9bc514e8be4c0000,1697500259,289299228163712144080505,0,1600.9586,19646,aave_v3_ethereum,wETH
0x4d5f47fa6a74757f35c14fd3a6ef8e3c9bc514e8bf4c0000,1697586719,310839835246077778661228,0,1561.66114437,19647,aave_v3_ethereum,wETH
0x4d5f47fa6a74757f35c14fd3a6ef8e3c9bc514e8c04c0000,1697673131,317168053558600184394553,0,1563.88805383,19648,aave_v3_ethereum,wETH
0x4d5f47fa6a74757f35c14fd3a6ef8e3c9bc514e8c14c0000,1697759567,309948622361173502945247,0,1565.03,19649,aave_v3_ethereum,wETH
0x4d5f47fa6a74757f35c14fd3a6ef8e3c9bc514e8c24c0000,1697846219,313213281886258242277260,0,1604.3724,19650,aave_v3_ethereum,wETH
0x4d5f47fa6a74757f35c14fd3a6ef8e3c9bc514e8c34c0000,1697932175,308297911527379266583604,0,1630.9,19651,aave_v3_ethereum,wETH
0x4d5f47fa6a74757f35c14fd3a6ef8e3c9bc514e8c44c0000,1698019199,312010887686881789233149,0,1661.71026,19652,aave_v3_ethereum,wETH
0x4d5f47fa6a74757f35c14fd3a6ef8e3c9bc514e8c54c0000,1698105563,305878046666104924583934,0,1764.75709456,19653,aave_v3_ethereum,wETH
0x4d5f47fa6a74757f35c14fd3a6ef8e3c9bc514e8c64c0000,1698190943,307637021785878764118003,0,1787.99228969,19654,aave_v3_ethereum,wETH
0x4d5f47fa6a74757f35c14fd3a6ef8e3c9bc514e8c74c0000,1698275687,306680925565326956936247,0,1781.94004771,19655,aave_v3_ethereum,wETH
0x4d5f47fa6a74757f35c14fd3a6ef8e3c9bc514e8c84c0000,1698363779,299133141920706978741244,0,1806.10805913,19656,aave_v3_ethereum,wETH
0x4d5f47fa6a74757f35c14fd3a6ef8e3c9bc514e8c94c0000,1698451007,294749090212524869899674,0,1780.93,19657,aave_v3_ethereum,wETH
0x4d5f47fa6a74757f35c14fd3a6ef8e3c9bc514e8ca4c0000,1698537599,294458083406395466856570,0,1776.76,19658,aave_v3_ethereum,wETH
0x4d5f47fa6a74757f35c14fd3a6ef8e3c9bc514e8cb4c0000,1698623843,296300678155635991434495,0,1795.59857,19659,aave_v3_ethereum,wETH
0x4d5f47fa6a74757f35c14fd3a6ef8e3c9bc514e8cc4c0000,1698709859,291397398771001918077617,0,1810.02,19660,aave_v3_ethereum,wETH
0x4d5f47fa6a74757f35c14fd3a6ef8e3c9bc514e8cd4c0000,1698796655,281156740086584775242176,0,1816.0097,19661,aave_v3_ethereum,wETH
0x4d5f47fa6a74757f35c14fd3a6ef8e3c9bc514e8ce4c0000,1698883055,281001988052084717052958,0,1845.95264639,19662,aave_v3_ethereum,wETH
0x4d5f47fa6a74757f35c14fd3a6ef8e3c9bc514e8cf4c0000,1698969599,278988138314017140792061,0,1799.56116675,19663,aave_v3_ethereum,wETH
0x4d5f47fa6a74757f35c14fd3a6ef8e3c9bc514e8d04c0000,1699055303,277358168725709937779348,0,1831.09767559,19664,aave_v3_ethereum,wETH
0x4d5f47fa6a74757f35c14fd3a6ef8e3c9bc514e8d14c0000,1699141967,277253669302124642150616,0,1864.81271,19665,aave_v3_ethereum,wETH
0x4d5f47fa6a74757f35c14fd3a6ef8e3c9bc514e8d24c0000,1699228451,303656485159416811687850,0,1894.8775,19666,aave_v3_ethereum,wETH
0x4d5f47fa6a74757f35c14fd3a6ef8e3c9bc514e8d34c0000,1699314839,303915557545256106022615,0,1901.85359639,19667,aave_v3_ethereum,wETH
0x4d5f47fa6a74757f35c14fd3a6ef8e3c9bc514e8d44c0000,1699400627,311570959443527326619131,0,1884.07259,19668,aave_v3_ethereum,wETH
0x4d5f47fa6a74757f35c14fd3a6ef8e3c9bc514e8d54c0000,1699487987,311558979966508295900697,0,1891.56,19669,aave_v3_ethereum,wETH
0x4d5f47fa6a74757f35c14fd3a6ef8e3c9bc514e8d64c0000,1699574111,273798095926455878270346,0,2120.3514,19670,aave_v3_ethereum,wETH
0x4d5f47fa6a74757f35c14fd3a6ef8e3c9bc514e8d74c0000,1699659551,275731221929829549026913,0,2079.98515,19671,aave_v3_ethereum,wETH
0x4d5f47fa6a74757f35c14fd3a6ef8e3c9bc514e8d84c0000,1699745231,276050122513934486002519,0,2045.2954,19672,aave_v3_ethereum,wETH
0x4d5f47fa6a74757f35c14fd3a6ef8e3c9bc514e8d94c0000,1699832759,273199395309130913183370,0,2036.46,19673,aave_v3_ethereum,wETH
0x4d5f47fa6a74757f35c14fd3a6ef8e3c9bc514e8da4c0000,1699919591,272271000617506836047138,0,2062.64,19674,aave_v3_ethereum,wETH
0x4d5f47fa6a74757f35c14fd3a6ef8e3c9bc514e8db4c0000,1700006327,273764897999587279324674,0,1980.33186226,19675,aave_v3_ethereum,wETH
0x4d5f47fa6a74757f35c14fd3a6ef8e3c9bc514e8dc4c0000,1700092463,285960910987837691229975,0,2055.89045233,19676,aave_v3_ethereum,wETH
0x4d5f47fa6a74757f35c14fd3a6ef8e3c9bc514e8dd4c0000,1700178899,313132427895640537905187,0,1960.08,19677,aave_v3_ethereum,wETH
0x4d5f47fa6a74757f35c14fd3a6ef8e3c9bc514e8de4c0000,1700264975,322150443082985995514815,0,1960.64125,19678,aave_v3_ethereum,wETH
0x4d5f47fa6a74757f35c14fd3a6ef8e3c9bc514e8df4c0000,1700351051,325931720536989528226882,0,1959.6748,19679,aave_v3_ethereum,wETH
0x4d5f47fa6a74757f35c14fd3a6ef8e3c9bc514e8e04c0000,1700437451,325370243070371071354224,0,2005.90809719,19680,aave_v3_ethereum,wETH
0x4d5f47fa6a74757f35c14fd3a6ef8e3c9bc514e8e14c0000,1700522783,325305067241237804085857,0,2023.13,19681,aave_v3_ethereum,wETH
0x4d5f47fa6a74757f35c14fd3a6ef8e3c9bc514e8e24c0000,1700611091,301858270694398546054964,0,1942.84173433,19682,aave_v3_ethereum,wETH
0x4d5f47fa6a74757f35c14fd3a6ef8e3c9bc514e8e34c0000,1700696867,321015803870890069538357,0,2068.35,19683,aave_v3_ethereum,wETH
0x4d5f47fa6a74757f35c14fd3a6ef8e3c9bc514e8e44c0000,1700783795,320008694436530421256589,0,2061.3486,19684,aave_v3_ethereum,wETH
0x4d5f47fa6a74757f35c14fd3a6ef8e3c9bc514e8e54c0000,1700870315,325945805474414209017477,0,2080.94,19685,aave_v3_ethereum,wETH
0x4d5f47fa6a74757f35c14fd3a6ef8e3c9bc514e8e64c0000,1700956787,326005931836650825679511,0,2085.07,19686,aave_v3_ethereum,wETH
0x4d5f47fa6a74757f35c14fd3a6ef8e3c9bc514e8e74c0000,1701043007,321988944175759797818960,0,2064.4460565,19687,aave_v3_ethereum,wETH
0x4d5f47fa6a74757f35c14fd3a6ef8e3c9bc514e8e84c0000,1701129515,327267775599404103495304,0,2027.826083,19688,aave_v3_ethereum,wETH
0x4d5f47fa6a74757f35c14fd3a6ef8e3c9bc514e8e94c0000,1701215519,328124501306905185383111,0,2048.97454915,19689,aave_v3_ethereum,wETH
0x4d5f47fa6a74757f35c14fd3a6ef8e3c9bc514e8ea4c0000,1701302255,327097381112136499130764,0,2028.04762922,19690,aave_v3_ethereum,wETH
0x4d5f47fa6a74757f35c14fd3a6ef8e3c9bc514e8eb4c0000,1701387395,335946010365773206355692,0,2045.36,19691,aave_v3_ethereum,wETH
0x4d5f47fa6a74757f35c14fd3a6ef8e3c9bc514e8ec4c0000,1701473651,336858675214174029999474,0,2083.76984,19692,aave_v3_ethereum,wETH
0x4d5f47fa6a74757f35c14fd3a6ef8e3c9bc514e8ed4c0000,1701560687,337567732890365247948095,0,2157.11277833,19693,aave_v3_ethereum,wETH
0x4d5f47fa6a74757f35c14fd3a6ef8e3c9bc514e8ee4c0000,1701647543,340412708508496418207041,0,2191.69,19694,aave_v3_ethereum,wETH
0x4d5f47fa6a74757f35c14fd3a6ef8e3c9bc514e8ef4c0000,1701734375,346310471476115321284880,0,2242.82696,19695,aave_v3_ethereum,wETH
0x4d5f47fa6a74757f35c14fd3a6ef8e3c9bc514e8f04c0000,1701820715,346666378684954784951045,0,2295.76599,19696,aave_v3_ethereum,wETH
0x4d5f47fa6a74757f35c14fd3a6ef8e3c9bc514e8f14c0000,1701906275,345770103475848101384978,0,2225.61,19697,aave_v3_ethereum,wETH
0x4d5f47fa6a74757f35c14fd3a6ef8e3c9bc514e8f24c0000,1701992447,342754137441244712103780,0,2355.0363,19698,aave_v3_ethereum,wETH
0x4d5f47fa6a74757f35c14fd3a6ef8e3c9bc514e8f34c0000,1702079963,348228656821435892771787,0,2360.23532,19699,aave_v3_ethereum,wETH
0x4d5f47fa6a74757f35c14fd3a6ef8e3c9bc514e8f44c0000,1702166111,351531123051988642176794,0,2340.19445058,19700,aave_v3_ethereum,wETH
0x4d5f47fa6a74757f35c14fd3a6ef8e3c9bc514e8f54c0000,1702252679,350868600058028762969705,0,2350.96576666,19701,aave_v3_ethereum,wETH
0x4d5f47fa6a74757f35c14fd3a6ef8e3c9bc514e8f64c0000,1702337375,364520529770993059085651,0,2224.29825,19702,aave_v3_ethereum,wETH
0x4d5f47fa6a74757f35c14fd3a6ef8e3c9bc514e8f74c0000,1702425047,364308151051874089994769,0,2200.62806,19703,aave_v3_ethereum,wETH
0x4d5f47fa6a74757f35c14fd3a6ef8e3c9bc514e8f84c0000,1702509503,358994676380104849021333,0,2261.05,19704,aave_v3_ethereum,wETH
0x4d5f47fa6a74757f35c14fd3a6ef8e3c9bc514e8f94c0000,1702597583,362831042133025975187179,0,2326.67599598,19705,aave_v3_ethereum,wETH
0x4d5f47fa6a74757f35c14fd3a6ef8e3c9bc514e8fa4c0000,1702684595,364473244688744568547252,0,2218.01997,19706,aave_v3_ethereum,wETH
0x4d5f47fa6a74757f35c14fd3a6ef8e3c9bc514e8fb4c0000,1702769231,364352915330523174658514,0,2227.2,19707,aave_v3_ethereum,wETH
0x4d5f47fa6a74757f35c14fd3a6ef8e3c9bc514e8fc4c0000,1702857539,354231363636859137597514,0,2197.82,19708,aave_v3_ethereum,wETH
0x4d5f47fa6a74757f35c14fd3a6ef8e3c9bc514e8fd4c0000,1702942331,357368632635562735085758,0,2222.54,19709,aave_v3_ethereum,wETH
0x4d5f47fa6a74757f35c14fd3a6ef8e3c9bc514e8fe4c0000,1703027183,350513455387948347924087,0,2178.05123011,19710,aave_v3_ethereum,wETH
0x4d5f47fa6a74757f35c14fd3a6ef8e3c9bc514e8ff4c0000,1703116511,370150943733880796908011,0,2190.96680083,19711,aave_v3_ethereum,wETH
0x4d5f47fa6a74757f35c14fd3a6ef8e3c9bc514e8004d0000,1703202899,372378917073653407776813,0,2232.42779,19712,aave_v3_ethereum,wETH
0x4d5f47fa6a74757f35c14fd3a6ef8e3c9bc514e8014d0000,1703289035,371727061428171810761681,0,2325.3829,19713,aave_v3_ethereum,wETH
0x4d5f47fa6a74757f35c14fd3a6ef8e3c9bc514e8024d0000,1703375219,372236349715126570691646,0,2310.75875,19714,aave_v3_ethereum,wETH
0x4d5f47fa6a74757f35c14fd3a6ef8e3c9bc514e8034d0000,1703462267,375046277614310529042480,0,2268.19632,19715,aave_v3_ethereum,wETH
0x4d5f47fa6a74757f35c14fd3a6ef8e3c9bc514e8044d0000,1703548619,374955481210818965338046,0,2272.92937,19716,aave_v3_ethereum,wETH
0x4d5f47fa6a74757f35c14fd3a6ef8e3c9bc514e8054d0000,1703635151,372972520968358671068827,0,2231.7,19717,aave_v3_ethereum,wETH
0x4d5f47fa6a74757f35c14fd3a6ef8e3c9bc514e8064d0000,1703721311,371136020118005184616552,0,2383.27,19718,aave_v3_ethereum,wETH
0x4d5f47fa6a74757f35c14fd3a6ef8e3c9bc514e8074d0000,1703807675,386497500063157105539513,0,2345.23028277,19719,aave_v3_ethereum,wETH
0x4d5f47fa6a74757f35c14fd3a6ef8e3c9bc514e8084d0000,1703893163,388492913225421684416933,0,2289.72316626,19720,aave_v3_ethereum,wETH
0x4d5f47fa6a74757f35c14fd3a6ef8e3c9bc514e8094d0000,1703980283,384472083015807917441549,0,2290.6,19721,aave_v3_ethereum,wETH
0x4d5f47fa6a74757f35c14fd3a6ef8e3c9bc514e80a4d0000,1704067079,384921769891895851914386,0,2280.05656,19722,aave_v3_ethereum,wETH
0x4d5f47fa6a74757f35c14fd3a6ef8e3c9bc514e80b4d0000,1704153551,384888805583447649920539,0,2350.6,19723,aave_v3_ethereum,wETH
0x4d5f47fa6a74757f35c14fd3a6ef8e3c9bc514e80c4d0000,1704239987,384820680519861350202072,0,2358.45,19724,aave_v3_ethereum,wETH
0x4d5f47fa6a74757f35c14fd3a6ef8e3c9bc514e80d4d0000,1704326339,381432725957964515198807,0,2211.1778,19725,aave_v3_ethereum,wETH
0x4d5f47fa6a74757f35c14fd3a6ef8e3c9bc514e80e4d0000,1704412583,382799634813625734114518,0,2272.4358,19726,aave_v3_ethereum,wETH
0x4d5f47fa6a74757f35c14fd3a6ef8e3c9bc514e80f4d0000,1704499019,380678559605440609989171,0,2267.6737,19727,aave_v3_ethereum,wETH
0x4d5f47fa6a74757f35c14fd3a6ef8e3c9bc514e8104d0000,1704585575,378966364129177322040930,0,2240.3177,19728,aave_v3_ethereum,wETH
0x4d5f47fa6a74757f35c14fd3a6ef8e3c9bc514e8114d0000,1704671807,379585190390124869806160,0,2221.53189113,19729,aave_v3_ethereum,wETH
0x4d5f47fa6a74757f35c14fd3a6ef8e3c9bc514e8124d0000,1704758243,372784655185587341961058,0,2332.86746,19730,aave_v3_ethereum,wETH
0x4d5f47fa6a74757f35c14fd3a6ef8e3c9bc514e8134d0000,1704844739,373780016930906392076744,0,2341.6452,19731,aave_v3_ethereum,wETH
0x4d5f47fa6a74757f35c14fd3a6ef8e3c9bc514e8144d0000,1704931043,373133720433474541730284,0,2584.99,19732,aave_v3_ethereum,wETH
0x4d5f47fa6a74757f35c14fd3a6ef8e3c9bc514e8154d0000,1705017587,375883649084266280105350,0,2620.6517,19733,aave_v3_ethereum,wETH
0x4d5f47fa6a74757f35c14fd3a6ef8e3c9bc514e8164d0000,1705103963,376647842959525845882479,0,2526.12,19734,aave_v3_ethereum,wETH
0x4d5f47fa6a74757f35c14fd3a6ef8e3c9bc514e8174d0000,1705189775,371586356270809334861865,0,2583.5,19735,aave_v3_ethereum,wETH
0x4d5f47fa6a74757f35c14fd3a6ef8e3c9bc514e8184d0000,1705276643,376895103180556829609007,0,2474.32565,19736,aave_v3_ethereum,wETH
0x4d5f47fa6a74757f35c14fd3a6ef8e3c9bc514e8194d0000,1705362455,380206295376022268577524,0,2514.11731825,19737,aave_v3_ethereum,wETH
0x4d5f47fa6a74757f35c14fd3a6ef8e3c9bc514e81a4d0000,1705448399,381837333370995860057504,0,2597.06575348,19738,aave_v3_ethereum,wETH
0x4d5f47fa6a74757f35c14fd3a6ef8e3c9bc514e81b4d0000,1705535723,389237264970833564533228,0,2523.09347272,19739,aave_v3_ethereum,wETH
0x4d5f47fa6a74757f35c14fd3a6ef8e3c9bc514e81c4d0000,1705622363,393616790184160374424620,0,2467.20968324,19740,aave_v3_ethereum,wETH
0x4d5f47fa6a74757f35c14fd3a6ef8e3c9bc514e81d4d0000,1705708523,394409563313810210064259,0,2487.89835,19741,aave_v3_ethereum,wETH
0x4d5f47fa6a74757f35c14fd3a6ef8e3c9bc514e81e4d0000,1705794839,392035001025236995747719,0,2471.03488858,19742,aave_v3_ethereum,wETH
0x4d5f47fa6a74757f35c14fd3a6ef8e3c9bc514e81f4d0000,1705881551,404915689656062545726277,0,2452.79322594,19743,aave_v3_ethereum,wETH
0x4d5f47fa6a74757f35c14fd3a6ef8e3c9bc514e8204d0000,1705967915,440522291894718904206387,0,2308.60630749,19744,aave_v3_ethereum,wETH
0x4d5f47fa6a74757f35c14fd3a6ef8e3c9bc514e8214d0000,1706054375,425359170948070430875116,0,2243.07,19745,aave_v3_ethereum,wETH
0x4d5f47fa6a74757f35c14fd3a6ef8e3c9bc514e8224d0000,1706140067,422782116770301293974222,0,2232.24,19746,aave_v3_ethereum,wETH
0x4d5f47fa6a74757f35c14fd3a6ef8e3c9bc514e8234d0000,1706227067,438613854523032169998297,0,2218.22,19747,aave_v3_ethereum,wETH
0x4d5f47fa6a74757f35c14fd3a6ef8e3c9bc514e8244d0000,1706313011,442690401502090658622059,0,2268.0366,19748,aave_v3_ethereum,wETH
0x4d5f47fa6a74757f35c14fd3a6ef8e3c9bc514e8254d0000,1706398355,451246014376259670115942,0,2267.09703,19749,aave_v3_ethereum,wETH
0x4d5f47fa6a74757f35c14fd3a6ef8e3c9bc514e8264d0000,1706486279,451168368481472912244671,0,2257.29566747,19750,aave_v3_ethereum,wETH
0x4d5f47fa6a74757f35c14fd3a6ef8e3c9bc514e8274d0000,1706571239,464844295536617190307911,0,2313.72,19751,aave_v3_ethereum,wETH
0x4d5f47fa6a74757f35c14fd3a6ef8e3c9bc514e8284d0000,1706658899,463780504425334449999776,0,2344.57647,19752,aave_v3_ethereum,wETH
0x4d5f47fa6a74757f35c14fd3a6ef8e3c9bc514e8294d0000,1706745599,461855976642261121758850,0,2283.1413,19753,aave_v3_ethereum,wETH
0x4d5f47fa6a74757f35c14fd3a6ef8e3c9bc514e82a4d0000,1706831507,467446569642170773220991,0,2293.27294869,19754,aave_v3_ethereum,wETH
0x4d5f47fa6a74757f35c14fd3a6ef8e3c9bc514e82b4d0000,1706918147,471473505240533063440405,0,2307.33635166,19755,aave_v3_ethereum,wETH
0x4d5f47fa6a74757f35c14fd3a6ef8e3c9bc514e82c4d0000,1707004247,468261296303151906229342,0,2297.86303635,19756,aave_v3_ethereum,wETH
0x4d5f47fa6a74757f35c14fd3a6ef8e3c9bc514e82d4d0000,1707090755,469067296420135680341463,0,2286.94857252,19757,aave_v3_ethereum,wETH
0x4d5f47fa6a74757f35c14fd3a6ef8e3c9bc514e82e4d0000,1707177287,470601853569351018478584,0,2291.63967212,19758,aave_v3_ethereum,wETH
0x4d5f47fa6a74757f35c14fd3a6ef8e3c9bc514e82f4d0000,1707263651,471902922661080742747310,0,2381.1,19759,aave_v3_ethereum,wETH
0x4d5f47fa6a74757f35c14fd3a6ef8e3c9bc514e8304d0000,1707350327,474214892952226486146075,0,2424.36439644,19760,aave_v3_ethereum,wETH
0x4d5f47fa6a74757f35c14fd3a6ef8e3c9bc514e8314d0000,1707436355,475958035248180713973149,0,2425.85,19761,aave_v3_ethereum,wETH
0x4d5f47fa6a74757f35c14fd3a6ef8e3c9bc514e8324d0000,1707522479,488810810781076144285688,0,2494.00339239,19762,aave_v3_ethereum,wETH
0x4d5f47fa6a74757f35c14fd3a6ef8e3c9bc514e8334d0000,1707609575,489380829908950028003827,0,2500.93627815,19763,aave_v3_ethereum,wETH
0x4d5f47fa6a74757f35c14fd3a6ef8e3c9bc514e8344d0000,1707695699,482983350137123354000285,0,2503.53652733,19764,aave_v3_ethereum,wETH
0x4d5f47fa6a74757f35c14fd3a6ef8e3c9bc514e8354d0000,1707782147,482170535980756481852679,0,2659.52937745,19765,aave_v3_ethereum,wETH
0x4d5f47fa6a74757f35c14fd3a6ef8e3c9bc514e8364d0000,1707867455,491512957511117638537242,0,2636.31863485,19766,aave_v3_ethereum,wETH
0x4d5f47fa6a74757f35c14fd3a6ef8e3c9bc514e8374d0000,1707954995,500416461417936448882803,0,2777.95730471,19767,aave_v3_ethereum,wETH
0x4d5f47fa6a74757f35c14fd3a6ef8e3c9bc514e8384d0000,1708040483,508400429114934689903837,0,2824.35275704,19768,aave_v3_ethereum,wETH
0x4d5f47fa6a74757f35c14fd3a6ef8e3c9bc514e8394d0000,1708127819,511404064530604011794097,0,2803.7941,19769,aave_v3_ethereum,wETH
0x4d5f47fa6a74757f35c14fd3a6ef8e3c9bc514e83a4d0000,1708211951,514191628078389325560147,0,2782.4877,19770,aave_v3_ethereum,wETH
0x4d5f47fa6a74757f35c14fd3a6ef8e3c9bc514e83b4d0000,1708300331,514825245713571041204730,0,2867.42037174,19771,aave_v3_ethereum,wETH
0x4d5f47fa6a74757f35c14fd3a6ef8e3c9bc514e83c4d0000,1708387091,514010864321039611913235,0,2941.62,19772,aave_v3_ethereum,wETH
0x4d5f47fa6a74757f35c14fd3a6ef8e3c9bc514e83d4d0000,1708473539,515444327259562723195005,0,3014.49497,19773,aave_v3_ethereum,wETH
0x4d5f47fa6a74757f35c14fd3a6ef8e3c9bc514e83e4d0000,1708559387,512784999506333204867409,0,2978.6,19774,aave_v3_ethereum,wETH
0x4d5f47fa6a74757f35c14fd3a6ef8e3c9bc514e83f4d0000,1708644971,518041634367190711447068,0,2974.46,19775,aave_v3_ethereum,wETH
0x4d5f47fa6a74757f35c14fd3a6ef8e3c9bc514e8404d0000,1708730771,506917748310184283115131,0,2907.72153,19776,aave_v3_ethereum,wETH
0x4d5f47fa6a74757f35c14fd3a6ef8e3c9bc514e8414d0000,1708819127,503693630762872689017286,0,2990.19798974,19777,aave_v3_ethereum,wETH
0x4d5f47fa6a74757f35c14fd3a6ef8e3c9bc514e8424d0000,1708905587,499605099217557635022827,0,3111.97479106,19778,aave_v3_ethereum,wETH
0x4d5f47fa6a74757f35c14fd3a6ef8e3c9bc514e8434d0000,1708991807,493151148863445199777757,0,3178.68279038,19779,aave_v3_ethereum,wETH
0x4d5f47fa6a74757f35c14fd3a6ef8e3c9bc514e8444d0000,1709078327,509676742072365067478759,0,3243.6641,19780,aave_v3_ethereum,wETH
0x4d5f47fa6a74757f35c14fd3a6ef8e3c9bc514e8454d0000,1709164499,509077847058850833171385,0,3377.08226617,19781,aave_v3_ethereum,wETH
0x4d5f47fa6a74757f35c14fd3a6ef8e3c9bc514e8464d0000,1709250995,506142146067761884663406,0,3347.7859,19782,aave_v3_ethereum,wETH
0x4d5f47fa6a74757f35c14fd3a6ef8e3c9bc514e8474d0000,1709336819,503183000144855503489852,0,3436.19165,19783,aave_v3_ethereum,wETH
0x4d5f47fa6a74757f35c14fd3a6ef8e3c9bc514e8484d0000,1709423759,503925451379282420718813,0,3421.1951,19784,aave_v3_ethereum,wETH
0x4d5f47fa6a74757f35c14fd3a6ef8e3c9bc514e8494d0000,1709510303,500359707358969288296277,0,3489.12873497,19785,aave_v3_ethereum,wETH
0x4d5f47fa6a74757f35c14fd3a6ef8e3c9bc514e84a4d0000,1709596787,495882171517887302753704,0,3630.15,19786,aave_v3_ethereum,wETH
0x4d5f47fa6a74757f35c14fd3a6ef8e3c9bc514e84b4d0000,1709683019,495366789552752026533110,0,3560.6374566,19787,aave_v3_ethereum,wETH
0x4d5f47fa6a74757f35c14fd3a6ef8e3c9bc514e84c4d0000,1709769395,492315807910173789510306,0,3828.21126079,19788,aave_v3_ethereum,wETH
0x4d5f47fa6a74757f35c14fd3a6ef8e3c9bc514e84d4d0000,1709855723,493352608677167429919952,0,3861.81007874,19789,aave_v3_ethereum,wETH
0x4d5f47fa6a74757f35c14fd3a6ef8e3c9bc514e84e4d0000,1709941691,491604096699820668948522,0,3902.63625221,19790,aave_v3_ethereum,wETH
0x4d5f47fa6a74757f35c14fd3a6ef8e3c9bc514e84f4d0000,1710028511,492549478342852208445764,0,3907.68,19791,aave_v3_ethereum,wETH
0x4d5f47fa6a74757f35c14fd3a6ef8e3c9bc514e8504d0000,1710114479,502785350066887020423557,0,3870.42124283,19792,aave_v3_ethereum,wETH
0x4d5f47fa6a74757f35c14fd3a6ef8e3c9bc514e8514d0000,1710201167,507992684874922562680690,0,4062.21,19793,aave_v3_ethereum,wETH
0x4d5f47fa6a74757f35c14fd3a6ef8e3c9bc514e8524d0000,1710287771,508581084286226268288915,0,3977.347695,19794,aave_v3_ethereum,wETH
0x4d5f47fa6a74757f35c14fd3a6ef8e3c9bc514e8534d0000,1710374063,515955183052495003458302,0,4006.96759142,19795,aave_v3_ethereum,wETH
0x4d5f47fa6a74757f35c14fd3a6ef8e3c9bc514e8544d0000,1710460607,520567428531550094776984,0,3876.2,19796,aave_v3_ethereum,wETH
0x4d5f47fa6a74757f35c14fd3a6ef8e3c9bc514e8554d0000,1710546179,532656125653028952560250,0,3736.79211543,19797,aave_v3_ethereum,wETH
0x4d5f47fa6a74757f35c14fd3a6ef8e3c9bc514e8564d0000,1710633287,540533905685068882741494,0,3518.94359259,19798,aave_v3_ethereum,wETH
0x4d5f47fa6a74757f35c14fd3a6ef8e3c9bc514e8574d0000,1710719675,540195391806549786561103,0,3636.93339924,19799,aave_v3_ethereum,wETH
0x4d5f47fa6a74757f35c14fd3a6ef8e3c9bc514e8584d0000,1710806351,530782513089071679305002,0,3523.4095,19800,aave_v3_ethereum,wETH
0x4d5f47fa6a74757f35c14fd3a6ef8e3c9bc514e8594d0000,1710892667,526971807492184438946423,0,3157.71,19801,aave_v3_ethereum,wETH
0x4d5f47fa6a74757f35c14fd3a6ef8e3c9bc514e85a4d0000,1710978695,530420284525365648921350,0,3527.123,19802,aave_v3_ethereum,wETH
0x4d5f47fa6a74757f35c14fd3a6ef8e3c9bc514e85b4d0000,1711065503,544208529630239288460917,0,3488.93,19803,aave_v3_ethereum,wETH
0x4d5f47fa6a74757f35c14fd3a6ef8e3c9bc514e85c4d0000,1711151927,561220342560189329314374,0,3322.8,19804,aave_v3_ethereum,wETH
0x4d5f47fa6a74757f35c14fd3a6ef8e3c9bc514e85d4d0000,1711238207,551907477836545049980476,0,3348.95134363,19805,aave_v3_ethereum,wETH
0x4d5f47fa6a74757f35c14fd3a6ef8e3c9bc514e85e4d0000,1711324583,550865311982511554168621,0,3452.9285509,19806,aave_v3_ethereum,wETH
0x4d5f47fa6a74757f35c14fd3a6ef8e3c9bc514e85f4d0000,1711411067,554722439750924542707876,0,3587.63484,19807,aave_v3_ethereum,wETH
0x4d5f47fa6a74757f35c14fd3a6ef8e3c9bc514e8604d0000,1711497215,549971550633515867278137,0,3597.24,19808,aave_v3_ethereum,wETH
0x4d5f47fa6a74757f35c14fd3a6ef8e3c9bc514e8614d0000,1711583003,558410061886066340409892,0,3491.53,19809,aave_v3_ethereum,wETH
0x4d5f47fa6a74757f35c14fd3a6ef8e3c9bc514e8624d0000,1711669403,558171076943808839581982,0,3567.7039,19810,aave_v3_ethereum,wETH
0x4d5f47fa6a74757f35c14fd3a6ef8e3c9bc514e8634d0000,1711756751,567222710631734484652174,0,3513.79,19811,aave_v3_ethereum,wETH
0x4d5f47fa6a74757f35c14fd3a6ef8e3c9bc514e8644d0000,1711842179,563515213446351719956558,0,3505.85,19812,aave_v3_ethereum,wETH
0x4d5f47fa6a74757f35c14fd3a6ef8e3c9bc514e8654d0000,1711929299,566172551499861971805693,0,3648.15895405,19813,aave_v3_ethereum,wETH
0x4d5f47fa6a74757f35c14fd3a6ef8e3c9bc514e8664d0000,1712015483,572144754309831438079663,0,3504.92,19814,aave_v3_ethereum,wETH
0x4d5f47fa6a74757f35c14fd3a6ef8e3c9bc514e8674d0000,1712102207,557508752922682631081314,0,3275.3416,19815,aave_v3_ethereum,wETH
0x4d5f47fa6a74757f35c14fd3a6ef8e3c9bc514e8684d0000,1712188511,554760262792193454812321,0,3318.9725,19816,aave_v3_ethereum,wETH
0x4d5f47fa6a74757f35c14fd3a6ef8e3c9bc514e8694d0000,1712274659,550024787877558244908933,0,3330.4,19817,aave_v3_ethereum,wETH
0x4d5f47fa6a74757f35c14fd3a6ef8e3c9bc514e86a4d0000,1712361455,544154531969603521284012,0,3321.75,19818,aave_v3_ethereum,wETH
0x4d5f47fa6a74757f35c14fd3a6ef8e3c9bc514e86b4d0000,1712447987,558409670462606664607705,0,3359.71,19819,aave_v3_ethereum,wETH
0x4d5f47fa6a74757f35c14fd3a6ef8e3c9bc514e86c4d0000,1712534183,551622006863289185901990,0,3453.2,19820,aave_v3_ethereum,wETH
0x4d5f47fa6a74757f35c14fd3a6ef8e3c9bc514e86d4d0000,1712619851,549060735301847498827024,0,3703.72,19821,aave_v3_ethereum,wETH
0x4d5f47fa6a74757f35c14fd3a6ef8e3c9bc514e86e4d0000,1712706887,531227891957757202118465,0,3497.23682,19822,aave_v3_ethereum,wETH
0x4d5f47fa6a74757f35c14fd3a6ef8e3c9bc514e86f4d0000,1712792855,541792259705384877569552,0,3543.17,19823,aave_v3_ethereum,wETH
0x4d5f47fa6a74757f35c14fd3a6ef8e3c9bc514e8704d0000,1712879687,518626651844399644522247,0,3507.42,19824,aave_v3_ethereum,wETH
0x4d5f47fa6a74757f35c14fd3a6ef8e3c9bc514e8714d0000,1712966351,513827789550206542046598,0,3243.39,19825,aave_v3_ethereum,wETH
0x4d5f47fa6a74757f35c14fd3a6ef8e3c9bc514e8724d0000,1713052535,520713026491529167449932,0,3019.56422277,19826,aave_v3_ethereum,wETH
0x4d5f47fa6a74757f35c14fd3a6ef8e3c9bc514e8734d0000,1713139019,527864378223045466737537,0,3154.53953871,19827,aave_v3_ethereum,wETH
0x4d5f47fa6a74757f35c14fd3a6ef8e3c9bc514e8744d0000,1713225527,529192487794564112050749,0,3101.44,19828,aave_v3_ethereum,wETH
0x4d5f47fa6a74757f35c14fd3a6ef8e3c9bc514e8754d0000,1713311807,527578303956954439192300,0,3082.22,19829,aave_v3_ethereum,wETH
0x4d5f47fa6a74757f35c14fd3a6ef8e3c9bc514e8764d0000,1713398171,522965880229604186624187,0,2982.51480526,19830,aave_v3_ethereum,wETH
0x4d5f47fa6a74757f35c14fd3a6ef8e3c9bc514e8774d0000,1713484259,521274147245299442476912,0,3067.8445,19831,aave_v3_ethereum,wETH
0x4d5f47fa6a74757f35c14fd3a6ef8e3c9bc514e8784d0000,1713571091,516679059972652294100529,0,3065.3312,19832,aave_v3_ethereum,wETH
0x4d5f47fa6a74757f35c14fd3a6ef8e3c9bc514e8794d0000,1713657431,515469294987647056463176,0,3152.53,19833,aave_v3_ethereum,wETH
0x4d5f47fa6a74757f35c14fd3a6ef8e3c9bc514e87a4d0000,1713743903,503316981343833265539435,0,3147.47429638,19834,aave_v3_ethereum,wETH
0x4d5f47fa6a74757f35c14fd3a6ef8e3c9bc514e87b4d0000,1713830231,502191769450942187541954,0,3201.77003619,19835,aave_v3_ethereum,wETH
0x4d5f47fa6a74757f35c14fd3a6ef8e3c9bc514e87c4d0000,1713916487,503873735091006968340515,0,3212.45,19836,aave_v3_ethereum,wETH
0x4d5f47fa6a74757f35c14fd3a6ef8e3c9bc514e87d4d0000,1714002431,497505538297171549834194,0,3126.81387638,19837,aave_v3_ethereum,wETH
0x4d5f47fa6a74757f35c14fd3a6ef8e3c9bc514e87e4d0000,1714089383,505693996328351162106606,0,3156.74345256,19838,aave_v3_ethereum,wETH
0x4d5f47fa6a74757f35c14fd3a6ef8e3c9bc514e87f4d0000,1714175447,501105521458701557938272,0,3129.47,19839,aave_v3_ethereum,wETH
0x4d5f47fa6a74757f35c14fd3a6ef8e3c9bc514e8804d0000,1714262255,497920381943788843055834,0,3260.40690468,19840,aave_v3_ethereum,wETH
0x4d5f47fa6a74757f35c14fd3a6ef8e3c9bc514e8814d0000,1714348739,490445376027377669978827,0,3258.44671262,19841,aave_v3_ethereum,wETH
0x4d5f47fa6a74757f35c14fd3a6ef8e3c9bc514e8824d0000,1714434371,485694296306700745072144,0,3231.27214911,19842,aave_v3_ethereum,wETH
0x4d5f47fa6a74757f35c14fd3a6ef8e3c9bc514e8834d0000,1714521551,483907030160571416786696,0,3017.9482358,19843,aave_v3_ethereum,wETH
0x4d5f47fa6a74757f35c14fd3a6ef8e3c9bc514e8844d0000,1714607687,473108137228413743799500,0,2965.80672701,19844,aave_v3_ethereum,wETH
0x4d5f47fa6a74757f35c14fd3a6ef8e3c9bc514e8854d0000,1714693643,499026218393767356829100,0,2985.09765243,19845,aave_v3_ethereum,wETH
0x4d5f47fa6a74757f35c14fd3a6ef8e3c9bc514e8864d0000,1714780091,499559157332618049159413,0,3110.63529183,19846,aave_v3_ethereum,wETH
0x4d5f47fa6a74757f35c14fd3a6ef8e3c9bc514e8874d0000,1714865903,499606027057544536982436,0,3107.13816825,19847,aave_v3_ethereum,wETH
0x4d5f47fa6a74757f35c14fd3a6ef8e3c9bc514e8884d0000,1714953539,499610141012547350303380,0,3138.55,19848,aave_v3_ethereum,wETH
0x4d5f47fa6a74757f35c14fd3a6ef8e3c9bc514e8894d0000,1715039975,500718404384838203057114,0,3065.6054,19849,aave_v3_ethereum,wETH
0x4d5f47fa6a74757f35c14fd3a6ef8e3c9bc514e88a4d0000,1715126255,543124972788921347173411,0,3013.26,19850,aave_v3_ethereum,wETH
0x4d5f47fa6a74757f35c14fd3a6ef8e3c9bc514e88b4d0000,1715212475,553693691520254626945996,0,2963.09,19851,aave_v3_ethereum,wETH
0x4d5f47fa6a74757f35c14fd3a6ef8e3c9bc514e88c4d0000,1715298995,550253742869164705925187,0,3037.3,19852,aave_v3_ethereum,wETH
0x4d5f47fa6a74757f35c14fd3a6ef8e3c9bc514e88d4d0000,1715384315,550285078389859506806068,0,2903.06,19853,aave_v3_ethereum,wETH
0x4d5f47fa6a74757f35c14fd3a6ef8e3c9bc514e88e4d0000,1715471867,547849049810274490940169,0,2909.32998146,19854,aave_v3_ethereum,wETH
0x4d5f47fa6a74757f35c14fd3a6ef8e3c9bc514e88f4d0000,1715557907,544057806226800257111114,0,2931.48391,19855,aave_v3_ethereum,wETH
0x4d5f47fa6a74757f35c14fd3a6ef8e3c9bc514e8904d0000,1715644763,556216316113114976106211,0,2948.60704523,19856,aave_v3_ethereum,wETH
0x4d5f47fa6a74757f35c14fd3a6ef8e3c9bc514e8914d0000,1715730875,557678233877112712761682,0,2888.72030879,19857,aave_v3_ethereum,wETH
0x4d5f47fa6a74757f35c14fd3a6ef8e3c9bc514e8924d0000,1715817071,592152178888914258902099,0,3031.14423,19858,aave_v3_ethereum,wETH
0x4d5f47fa6a74757f35c14fd3a6ef8e3c9bc514e8934d0000,1715903951,589377240760135439036626,0,2945.56213,19859,aave_v3_ethereum,wETH
0x4d5f47fa6a74757f35c14fd3a6ef8e3c9bc514e8944d0000,1715990351,592257012608116875022419,0,3094.19,19860,aave_v3_ethereum,wETH
0x4d5f47fa6a74757f35c14fd3a6ef8e3c9bc514e8954d0000,1716075491,591466446605254544662698,0,3118.07711074,19861,aave_v3_ethereum,wETH
0x4d5f47fa6a74757f35c14fd3a6ef8e3c9bc514e8964d0000,1716163007,593474066183370972855290,0,3072.84,19862,aave_v3_ethereum,wETH
0x4d5f47fa6a74757f35c14fd3a6ef8e3c9bc514e8974d0000,1716249419,584983996478558479892779,0,3653.6543,19863,aave_v3_ethereum,wETH
0x4d5f47fa6a74757f35c14fd3a6ef8e3c9bc514e8984d0000,1716335459,580779496948337333006397,0,3791.62995,19864,aave_v3_ethereum,wETH
0x4d5f47fa6a74757f35c14fd3a6ef8e3c9bc514e8994d0000,1716422399,582935945818555061486696,0,3738.60962457,19865,aave_v3_ethereum,wETH
0x4d5f47fa6a74757f35c14fd3a6ef8e3c9bc514e89a4d0000,1716508763,564409360788058045172139,0,3765.54852,19866,aave_v3_ethereum,wETH
0x4d5f47fa6a74757f35c14fd3a6ef8e3c9bc514e89b4d0000,1716595043,572473307805193017303899,0,3726.4894,19867,aave_v3_ethereum,wETH
0x4d5f47fa6a74757f35c14fd3a6ef8e3c9bc514e89c4d0000,1716681599,573258240745987226743560,0,3750.48978686,19868,aave_v3_ethereum,wETH
0x4d5f47fa6a74757f35c14fd3a6ef8e3c9bc514e89d4d0000,1716767711,573487204324532551772119,0,3818.01760193,19869,aave_v3_ethereum,wETH
0x4d5f47fa6a74757f35c14fd3a6ef8e3c9bc514e89e4d0000,1716853667,572474614356113025888702,0,3882.8775,19870,aave_v3_ethereum,wETH
0x4d5f47fa6a74757f35c14fd3a6ef8e3c9bc514e89f4d0000,1716940775,569641217256468102553495,0,3838.91303736,19871,aave_v3_ethereum,wETH
0x4d5f47fa6a74757f35c14fd3a6ef8e3c9bc514e8a04d0000,1717027079,570474196241308013492195,0,3763.29,19872,aave_v3_ethereum,wETH
0x4d5f47fa6a74757f35c14fd3a6ef8e3c9bc514e8a14d0000,1717113551,586653639872357358934998,0,3749.91,19873,aave_v3_ethereum,wETH
0x4d5f47fa6a74757f35c14fd3a6ef8e3c9bc514e8a24d0000,1717199795,588580370255963403570617,0,3762.17,19874,aave_v3_ethereum,wETH
0x4d5f47fa6a74757f35c14fd3a6ef8e3c9bc514e8a34d0000,1717286147,588090185912856598605820,0,3813.33852792,19875,aave_v3_ethereum,wETH
0x4d5f47fa6a74757f35c14fd3a6ef8e3c9bc514e8a44d0000,1717372427,589068360553689694854528,0,3778.39209188,19876,aave_v3_ethereum,wETH
0x4d5f47fa6a74757f35c14fd3a6ef8e3c9bc514e8a54d0000,1717458947,602571704350738294583772,0,3766.51650137,19877,aave_v3_ethereum,wETH
0x4d5f47fa6a74757f35c14fd3a6ef8e3c9bc514e8a64d0000,1717545443,628572769861297054168824,0,3813.75,19878,aave_v3_ethereum,wETH
0x4d5f47fa6a74757f35c14fd3a6ef8e3c9bc514e8a74d0000,1717631975,630533763558282318244149,0,3869.0,19879,aave_v3_ethereum,wETH
0x4d5f47fa6a74757f35c14fd3a6ef8e3c9bc514e8a84d0000,1717718375,636284316156030813057302,0,3812.96079421,19880,aave_v3_ethereum,wETH
0x4d5f47fa6a74757f35c14fd3a6ef8e3c9bc514e8a94d0000,1717804727,636521583133101019535565,0,3678.88362538,19881,aave_v3_ethereum,wETH
0x4d5f47fa6a74757f35c14fd3a6ef8e3c9bc514e8aa4d0000,1717890347,635854341809998630063608,0,3676.7863,19882,aave_v3_ethereum,wETH
0x4d5f47fa6a74757f35c14fd3a6ef8e3c9bc514e8ab4d0000,1717977587,634953395386047630467735,0,3705.7681875,19883,aave_v3_ethereum,wETH
0x4d5f47fa6a74757f35c14fd3a6ef8e3c9bc514e8ac4d0000,1718063711,642589346462625184203118,0,3671.3246633,19884,aave_v3_ethereum,wETH
0x4d5f47fa6a74757f35c14fd3a6ef8e3c9bc514e8ad4d0000,1718150159,647951454594923228042470,0,3498.88397847,19885,aave_v3_ethereum,wETH
0x4d5f47fa6a74757f35c14fd3a6ef8e3c9bc514e8ae4d0000,1718236547,646783184294044698762396,0,3559.59898833,19886,aave_v3_ethereum,wETH
0x4d5f47fa6a74757f35c14fd3a6ef8e3c9bc514e8af4d0000,1718323055,638893078820408837061122,0,3465.85933105,19887,aave_v3_ethereum,wETH
0x4d5f47fa6a74757f35c14fd3a6ef8e3c9bc514e8b04d0000,1718409563,642029560137633508364752,0,3481.07487033,19888,aave_v3_ethereum,wETH
0x4d5f47fa6a74757f35c14fd3a6ef8e3c9bc514e8b14d0000,1718495915,646476663556784875693055,0,3564.16144692,19889,aave_v3_ethereum,wETH
0x4d5f47fa6a74757f35c14fd3a6ef8e3c9bc514e8b24d0000,1718582063,645065347011556889508251,0,3630.28,19890,aave_v3_ethereum,wETH
0x4d5f47fa6a74757f35c14fd3a6ef8e3c9bc514e8b34d0000,1718668727,646811167308778673179308,0,3505.91766057,19891,aave_v3_ethereum,wETH
0x4d5f47fa6a74757f35c14fd3a6ef8e3c9bc514e8b44d0000,1718754203,644731280595942750434023,0,3478.6266,19892,aave_v3_ethereum,wETH
0x4d5f47fa6a74757f35c14fd3a6ef8e3c9bc514e8b54d0000,1718841347,667700446067867451947263,0,3555.3584,19893,aave_v3_ethereum,wETH
0x4d5f47fa6a74757f35c14fd3a6ef8e3c9bc514e8b64d0000,1718927363,704057105833824900956389,0,3515.23810894,19894,aave_v3_ethereum,wETH
0x4d5f47fa6a74757f35c14fd3a6ef8e3c9bc514e8b74d0000,1719013571,701409238214218380151746,0,3520.3406855,19895,aave_v3_ethereum,wETH
0x4d5f47fa6a74757f35c14fd3a6ef8e3c9bc514e8b84d0000,1719100619,699404245175229433827987,0,3495.26412209,19896,aave_v3_ethereum,wETH
0x4d5f47fa6a74757f35c14fd3a6ef8e3c9bc514e8b94d0000,1719187115,702124921517888831886533,0,3418.23895975,19897,aave_v3_ethereum,wETH
0x4d5f47fa6a74757f35c14fd3a6ef8e3c9bc514e8ba4d0000,1719273587,698112535138703186515879,0,3356.14626759,19898,aave_v3_ethereum,wETH
0x4d5f47fa6a74757f35c14fd3a6ef8e3c9bc514e8bb4d0000,1719359927,713267707800490174138408,0,3394.99849933,19899,aave_v3_ethereum,wETH
0x4d5f47fa6a74757f35c14fd3a6ef8e3c9bc514e8bc4d0000,1719446171,744088030439453191520437,0,3366.39721384,19900,aave_v3_ethereum,wETH
0x4d5f47fa6a74757f35c14fd3a6ef8e3c9bc514e8bd4d0000,1719532019,778152734559599780578493,0,3445.51756,19901,aave_v3_ethereum,wETH
0x4d5f47fa6a74757f35c14fd3a6ef8e3c9bc514e8be4d0000,1719619187,772837254668623690189895,0,3372.67080679,19902,aave_v3_ethereum,wETH
0x4d5f47fa6a74757f35c14fd3a6ef8e3c9bc514e8bf4d0000,1719705527,772284548633299566946579,0,3371.9,19903,aave_v3_ethereum,wETH
0x4d5f47fa6a74757f35c14fd3a6ef8e3c9bc514e8c04d0000,1719791819,770816412779668834783965,0,3436.0029,19904,aave_v3_ethereum,wETH
0x4d5f47fa6a74757f35c14fd3a6ef8e3c9bc514e8c14d0000,1719877799,770785655080309817806077,0,3436.27,19905,aave_v3_ethereum,wETH
0x4d5f47fa6a74757f35c14fd3a6ef8e3c9bc514e8c24d0000,1719964271,765241925138383052144552,0,3416.99736584,19906,aave_v3_ethereum,wETH
0x4d5f47fa6a74757f35c14fd3a6ef8e3c9bc514e8c34d0000,1720050755,797177015173770216785478,0,3299.04302,19907,aave_v3_ethereum,wETH
0x4d5f47fa6a74757f35c14fd3a6ef8e3c9bc514e8c44d0000,1720137587,797467587900876782374180,0,3052.65,19908,aave_v3_ethereum,wETH
0x4d5f47fa6a74757f35c14fd3a6ef8e3c9bc514e8c54d0000,1720223963,808505144858508022151297,0,2983.555,19909,aave_v3_ethereum,wETH
0x4d5f47fa6a74757f35c14fd3a6ef8e3c9bc514e8c64d0000,1720310075,801832425730248736984034,0,3065.37651619,19910,aave_v3_ethereum,wETH
0x4d5f47fa6a74757f35c14fd3a6ef8e3c9bc514e8c74d0000,1720396511,801925297603062785503188,0,2928.302104,19911,aave_v3_ethereum,wETH
0x4d5f47fa6a74757f35c14fd3a6ef8e3c9bc514e8c84d0000,1720483067,805616583461793429090349,0,3017.62770987,19912,aave_v3_ethereum,wETH
0x4d5f47fa6a74757f35c14fd3a6ef8e3c9bc514e8c94d0000,1720569359,801856272114859970157575,0,3064.17750214,19913,aave_v3_ethereum,wETH
0x4d5f47fa6a74757f35c14fd3a6ef8e3c9bc514e8ca4d0000,1720655807,802377875751325122488308,0,3100.54597808,19914,aave_v3_ethereum,wETH
0x4d5f47fa6a74757f35c14fd3a6ef8e3c9bc514e8cb4d0000,1720742363,797990655872766491479491,0,3101.66197587,19915,aave_v3_ethereum,wETH
0x4d5f47fa6a74757f35c14fd3a6ef8e3c9bc514e8cc4d0000,1720828175,802523789993746924791556,0,3126.7987,19916,aave_v3_ethereum,wETH
0x4d5f47fa6a74757f35c14fd3a6ef8e3c9bc514e8cd4d0000,1720915007,805559627749927823608761,0,3175.49276,19917,aave_v3_ethereum,wETH
0x4d5f47fa6a74757f35c14fd3a6ef8e3c9bc514e8ce4d0000,1721001227,805538586100101591890882,0,3266.05687,19918,aave_v3_ethereum,wETH
0x4d5f47fa6a74757f35c14fd3a6ef8e3c9bc514e8cf4d0000,1721087795,814665575125018251645616,0,3488.45,19919,aave_v3_ethereum,wETH
0x4d5f47fa6a74757f35c14fd3a6ef8e3c9bc514e8d04d0000,1721174363,818762511752703197769742,0,3446.48587759,19920,aave_v3_ethereum,wETH
0x4d5f47fa6a74757f35c14fd3a6ef8e3c9bc514e8d14d0000,1721260787,821216056912885409223998,0,3387.35117947,19921,aave_v3_ethereum,wETH
0x4d5f47fa6a74757f35c14fd3a6ef8e3c9bc514e8d24d0000,1721347139,822952367165734541081406,0,3426.27696614,19922,aave_v3_ethereum,wETH
0x4d5f47fa6a74757f35c14fd3a6ef8e3c9bc514e8d34d0000,1721433323,823691285584182520355311,0,3508.27141,19923,aave_v3_ethereum,wETH
0x4d5f47fa6a74757f35c14fd3a6ef8e3c9bc514e8d44d0000,1721519207,824874565828792893580528,0,3512.03622976,19924,aave_v3_ethereum,wETH
0x4d5f47fa6a74757f35c14fd3a6ef8e3c9bc514e8d54d0000,1721606279,826019148035726838874436,0,3533.70389,19925,aave_v3_ethereum,wETH
0x4d5f47fa6a74757f35c14fd3a6ef8e3c9bc514e8d64d0000,1721692739,829526366006844432426188,0,3441.4449,19926,aave_v3_ethereum,wETH
0x4d5f47fa6a74757f35c14fd3a6ef8e3c9bc514e8d74d0000,1721778995,884470643861503840779535,0,3483.6,19927,aave_v3_ethereum,wETH
0x4d5f47fa6a74757f35c14fd3a6ef8e3c9bc514e8d84d0000,1721865071,884850635863849681368137,0,3327.84014112,19928,aave_v3_ethereum,wETH
0x4d5f47fa6a74757f35c14fd3a6ef8e3c9bc514e8d94d0000,1721951951,885011112918539568724838,0,3172.11,19929,aave_v3_ethereum,wETH
0x4d5f47fa6a74757f35c14fd3a6ef8e3c9bc514e8da4d0000,1722038399,885566477299513817170114,0,3277.95537,19930,aave_v3_ethereum,wETH
0x4d5f47fa6a74757f35c14fd3a6ef8e3c9bc514e8db4d0000,1722124463,886669898932099464515784,0,3259.00894897,19931,aave_v3_ethereum,wETH
0x4d5f47fa6a74757f35c14fd3a6ef8e3c9bc514e8dc4d0000,1722211163,886771791539468210042672,0,3272.7111874,19932,aave_v3_ethereum,wETH
0x4d5f47fa6a74757f35c14fd3a6ef8e3c9bc514e8dd4d0000,1722297347,889707696424429490124616,0,3318.14,19933,aave_v3_ethereum,wETH
0x4d5f47fa6a74757f35c14fd3a6ef8e3c9bc514e8de4d0000,1722383975,888840530743663213010031,0,3277.59097121,19934,aave_v3_ethereum,wETH
0x4d5f47fa6a74757f35c14fd3a6ef8e3c9bc514e8df4d0000,1722470387,888432915493437684458320,0,3232.46657464,19935,aave_v3_ethereum,wETH
0x4d5f47fa6a74757f35c14fd3a6ef8e3c9bc514e8e04d0000,1722556367,892615605802145369411285,0,3211.5,19936,aave_v3_ethereum,wETH
0x4d5f47fa6a74757f35c14fd3a6ef8e3c9bc514e8e14d0000,1722643115,892768959666345270108609,0,2983.35849869,19937,aave_v3_ethereum,wETH
0x4d5f47fa6a74757f35c14fd3a6ef8e3c9bc514e8e24d0000,1722729431,895239812149103765049274,0,2906.31409,19938,aave_v3_ethereum,wETH
0x4d5f47fa6a74757f35c14fd3a6ef8e3c9bc514e8e34d0000,1722815963,893107347124364134655062,0,2683.3051,19939,aave_v3_ethereum,wETH
0x4d5f47fa6a74757f35c14fd3a6ef8e3c9bc514e8e44d0000,1722902363,888848493234810041286674,0,2418.03561829,19940,aave_v3_ethereum,wETH
0x4d5f47fa6a74757f35c14fd3a6ef8e3c9bc514e8e54d0000,1722988787,884202247976282443407608,0,2456.4670286,19941,aave_v3_ethereum,wETH
0x4d5f47fa6a74757f35c14fd3a6ef8e3c9bc514e8e64d0000,1723075127,879716183684868751843747,0,2336.40480259,19942,aave_v3_ethereum,wETH
0x4d5f47fa6a74757f35c14fd3a6ef8e3c9bc514e8e74d0000,1723161515,901764811673488897225265,0,2683.88001553,19943,aave_v3_ethereum,wETH
0x4d5f47fa6a74757f35c14fd3a6ef8e3c9bc514e8e84d0000,1723247507,923166456747895980986423,0,2586.3839,19944,aave_v3_ethereum,wETH
0x4d5f47fa6a74757f35c14fd3a6ef8e3c9bc514e8e94d0000,1723334231,927759045862015869610754,0,2607.56,19945,aave_v3_ethereum,wETH
0x4d5f47fa6a74757f35c14fd3a6ef8e3c9bc514e8ea4d0000,1723420691,949075477039014789155954,0,2558.34,19946,aave_v3_ethereum,wETH
0x4d5f47fa6a74757f35c14fd3a6ef8e3c9bc514e8eb4d0000,1723507019,951691215927895141398971,0,2724.6614,19947,aave_v3_ethereum,wETH
0x4d5f47fa6a74757f35c14fd3a6ef8e3c9bc514e8ec4d0000,1723593563,950041369792532194684967,0,2703.3,19948,aave_v3_ethereum,wETH
0x4d5f47fa6a74757f35c14fd3a6ef8e3c9bc514e8ed4d0000,1723679963,958287078725459196968132,0,2663.9872703,19949,aave_v3_ethereum,wETH
0x4d5f47fa6a74757f35c14fd3a6ef8e3c9bc514e8ee4d0000,1723766351,954152010008967040627109,0,2571.58781866,19950,aave_v3_ethereum,wETH
0x4d5f47fa6a74757f35c14fd3a6ef8e3c9bc514e8ef4d0000,1723852523,953872336326900598780984,0,2592.16,19951,aave_v3_ethereum,wETH
0x4d5f47fa6a74757f35c14fd3a6ef8e3c9bc514e8f04d0000,1723938935,953885058717668632281185,0,2613.28782666,19952,aave_v3_ethereum,wETH
0x4d5f47fa6a74757f35c14fd3a6ef8e3c9bc514e8f14d0000,1724025155,952169354812628617847989,0,2619.01,19953,aave_v3_ethereum,wETH
0x4d5f47fa6a74757f35c14fd3a6ef8e3c9bc514e8f24d0000,1724111927,950741688490527497447625,0,2638.4752,19954,aave_v3_ethereum,wETH
0x4d5f47fa6a74757f35c14fd3a6ef8e3c9bc514e8f34d0000,1724198399,953665136535399211797930,0,2574.49,19955,aave_v3_ethereum,wETH
0x4d5f47fa6a74757f35c14fd3a6ef8e3c9bc514e8f44d0000,1724284559,944824993192288130351238,0,2631.930152,19956,aave_v3_ethereum,wETH
0x4d5f47fa6a74757f35c14fd3a6ef8e3c9bc514e8f54d0000,1724371055,943478859245779651725013,0,2623.26208274,19957,aave_v3_ethereum,wETH
0x4d5f47fa6a74757f35c14fd3a6ef8e3c9bc514e8f64d0000,1724457587,940995009111729599618500,0,2760.0391,19958,aave_v3_ethereum,wETH
0x4d5f47fa6a74757f35c14fd3a6ef8e3c9bc514e8f74d0000,1724543939,944921715383199743915825,0,2768.6,19959,aave_v3_ethereum,wETH
0x4d5f47fa6a74757f35c14fd3a6ef8e3c9bc514e8f84d0000,1724630327,964650279384337536043442,0,2746.2953,19960,aave_v3_ethereum,wETH
0x4d5f47fa6a74757f35c14fd3a6ef8e3c9bc514e8f94d0000,1724716631,975716150344984333769131,0,2680.3194,19961,aave_v3_ethereum,wETH
0x4d5f47fa6a74757f35c14fd3a6ef8e3c9bc514e8fa4d0000,1724803199,974052694057507352829084,0,2458.8149,19962,aave_v3_ethereum,wETH
0x4d5f47fa6a74757f35c14fd3a6ef8e3c9bc514e8fb4d0000,1724889215,974504861696530922652741,0,2526.623047,19963,aave_v3_ethereum,wETH
0x4d5f47fa6a74757f35c14fd3a6ef8e3c9bc514e8fc4d0000,1724975723,977565520424913844593253,0,2521.253068,19964,aave_v3_ethereum,wETH
0x4d5f47fa6a74757f35c14fd3a6ef8e3c9bc514e8fd4d0000,1725062327,980146884638529900502440,0,2526.78838667,19965,aave_v3_ethereum,wETH
0x4d5f47fa6a74757f35c14fd3a6ef8e3c9bc514e8fe4d0000,1725147971,980214070399162895154191,0,2516.79,19966,aave_v3_ethereum,wETH
0x4d5f47fa6a74757f35c14fd3a6ef8e3c9bc514e8ff4d0000,1725235151,979718384138703203399181,0,2427.7097,19967,aave_v3_ethereum,wETH
0x4d5f47fa6a74757f35c14fd3a6ef8e3c9bc514e8004e0000,1725321467,978487190673667702496514,0,2535.06,19968,aave_v3_ethereum,wETH
0x4d5f47fa6a74757f35c14fd3a6ef8e3c9bc514e8014e0000,1725407867,982298384095504216961609,0,2426.58995924,19969,aave_v3_ethereum,wETH
0x4d5f47fa6a74757f35c14fd3a6ef8e3c9bc514e8024e0000,1725494387,1008602427018935242964894,0,2448.48075483,19970,aave_v3_ethereum,wETH
0x4d5f47fa6a74757f35c14fd3a6ef8e3c9bc514e8034e0000,1725580739,1013875926227667208386170,0,2366.53608927,19971,aave_v3_ethereum,wETH
0x4d5f47fa6a74757f35c14fd3a6ef8e3c9bc514e8044e0000,1725667199,1019346746008743763784233,0,2222.62530849,19972,aave_v3_ethereum,wETH
0x4d5f47fa6a74757f35c14fd3a6ef8e3c9bc514e8054e0000,1725753563,1015985582870143881697263,0,2274.45,19973,aave_v3_ethereum,wETH
0x4d5f47fa6a74757f35c14fd3a6ef8e3c9bc514e8064e0000,1725839759,1018889657396718159631308,0,2298.035,19974,aave_v3_ethereum,wETH
0x4d5f47fa6a74757f35c14fd3a6ef8e3c9bc514e8074e0000,1725926327,1020676868333561825734701,0,2359.7982,19975,aave_v3_ethereum,wETH
0x4d5f47fa6a74757f35c14fd3a6ef8e3c9bc514e8084e0000,1726012511,1019143856990274370448272,0,2386.40259939,19976,aave_v3_ethereum,wETH
0x4d5f47fa6a74757f35c14fd3a6ef8e3c9bc514e8094e0000,1726098983,1014956899044865727231063,0,2342.945,19977,aave_v3_ethereum,wETH
0x4d5f47fa6a74757f35c14fd3a6ef8e3c9bc514e80a4e0000,1726185539,1013525683633631834531273,0,2362.46684635,19978,aave_v3_ethereum,wETH
0x4d5f47fa6a74757f35c14fd3a6ef8e3c9bc514e80b4e0000,1726271627,1023268875488845664291644,0,2449.3923,19979,aave_v3_ethereum,wETH
0x4d5f47fa6a74757f35c14fd3a6ef8e3c9bc514e80c4e0000,1726358171,1029231864590211617634335,0,2417.89,19980,aave_v3_ethereum,wETH
0x4d5f47fa6a74757f35c14fd3a6ef8e3c9bc514e80d4e0000,1726444343,1031964710675289923370137,0,2321.9259,19981,aave_v3_ethereum,wETH
0x4d5f47fa6a74757f35c14fd3a6ef8e3c9bc514e80e4e0000,1726530395,1066706677857643876966511,0,2296.7378533,19982,aave_v3_ethereum,wETH
0x4d5f47fa6a74757f35c14fd3a6ef8e3c9bc514e80f4e0000,1726617335,1063539369141188938173779,0,2341.29761456,19983,aave_v3_ethereum,wETH
0x4d5f47fa6a74757f35c14fd3a6ef8e3c9bc514e8104e0000,1726703867,1064437203890058665509658,0,2363.80197816,19984,aave_v3_ethereum,wETH
0x4d5f47fa6a74757f35c14fd3a6ef8e3c9bc514e8114e0000,1726790267,1051149025329362186281230,0,2465.25759399,19985,aave_v3_ethereum,wETH
0x4d5f47fa6a74757f35c14fd3a6ef8e3c9bc514e8124e0000,1726876775,1032784805065327248733985,0,2558.18537496,19986,aave_v3_ethereum,wETH
0x4d5f47fa6a74757f35c14fd3a6ef8e3c9bc514e8134e0000,1726933451,1036790355694918753344834,0,2554.79758072,19987,aave_v3_ethereum,wETH
