,marketDailySnapshots_id,marketDailySnapshots_timestamp,marketDailySnapshots_variableBorrowedTokenBalance,marketDailySnapshots_stableBorrowedTokenBalance,marketDailySnapshots_inputTokenPriceUSD,marketDailySnapshots_days,protocol,asset
0,0x59cd1c87501baa753d0b5b5ab5d8416a45cd71dbdf4b0000,1678192271,,,0.0,19423,spark_ethereum,wETH
1,0x59cd1c87501baa753d0b5b5ab5d8416a45cd71dbf54b0000,1680086111,0.0,0.0,1814.77867841,19445,spark_ethereum,wETH
2,0x59cd1c87501baa753d0b5b5ab5d8416a45cd71dbfb4b0000,1680616547,0.0,0.0,1862.84546235,19451,spark_ethereum,wETH
3,0x59cd1c87501baa753d0b5b5ab5d8416a45cd71db1d4c0000,1683555935,0.0,0.0,1859.70567379,19485,spark_ethereum,wETH
4,0x59cd1c87501baa753d0b5b5ab5d8416a45cd71db1e4c0000,1683659087,0.0,0.0,1841.27676,19486,spark_ethereum,wETH
5,0x59cd1c87501baa753d0b5b5ab5d8416a45cd71db1f4c0000,1683731987,7.80017102329153e+19,0.0,1871.5,19487,spark_ethereum,wETH
6,0x59cd1c87501baa753d0b5b5ab5d8416a45cd71db204c0000,1683773591,7.800458024473204e+19,0.0,1835.537493,19488,spark_ethereum,wETH
7,0x59cd1c87501baa753d0b5b5ab5d8416a45cd71db214c0000,1683856271,7.801011571245117e+19,0.0,1791.53960489,19489,spark_ethereum,wETH
8,0x59cd1c87501baa753d0b5b5ab5d8416a45cd71db244c0000,1684154099,7.802988786242996e+19,0.0,1826.49825443,19492,spark_ethereum,wETH
9,0x59cd1c87501baa753d0b5b5ab5d8416a45cd71db254c0000,1684242839,7.803575690537229e+19,0.0,1819.43134,19493,spark_ethereum,wETH
10,0x59cd1c87501baa753d0b5b5ab5d8416a45cd71db264c0000,1684325507,7.80411425715627e+19,0.0,1789.38816222,19494,spark_ethereum,wETH
11,0x59cd1c87501baa753d0b5b5ab5d8416a45cd71db284c0000,1684494371,8.273518638274275e+19,0.0,1806.93,19496,spark_ethereum,wETH
12,0x59cd1c87501baa753d0b5b5ab5d8416a45cd71db294c0000,1684587395,8.274197846353655e+19,0.0,1814.6648,19497,spark_ethereum,wETH
13,0x59cd1c87501baa753d0b5b5ab5d8416a45cd71db2c4c0000,1684855991,7.807736501092732e+19,0.0,1853.54,19500,spark_ethereum,wETH
14,0x59cd1c87501baa753d0b5b5ab5d8416a45cd71db304c0000,1685184083,7.809933806165978e+19,0.0,1829.2,19504,spark_ethereum,wETH
15,0x59cd1c87501baa753d0b5b5ab5d8416a45cd71db324c0000,1685393891,7.811183207968714e+19,0.0,1894.19,19506,spark_ethereum,wETH
16,0x59cd1c87501baa753d0b5b5ab5d8416a45cd71db344c0000,1685506907,7.811838918377962e+19,0.0,1897.81400802,19508,spark_ethereum,wETH
17,0x59cd1c87501baa753d0b5b5ab5d8416a45cd71db364c0000,1685690699,7.81289353734129e+19,0.0,1890.35587288,19510,spark_ethereum,wETH
18,0x59cd1c87501baa753d0b5b5ab5d8416a45cd71db3d4c0000,1686302243,7.816403157092522e+19,0.0,1841.996088,19517,spark_ethereum,wETH
19,0x59cd1c87501baa753d0b5b5ab5d8416a45cd71db3e4c0000,1686374867,7.816820049305351e+19,0.0,1771.32409,19518,spark_ethereum,wETH
20,0x59cd1c87501baa753d0b5b5ab5d8416a45cd71db484c0000,1687272023,2.282194061109339e+20,0.0,1719.57,19528,spark_ethereum,wETH
21,0x59cd1c87501baa753d0b5b5ab5d8416a45cd71db494c0000,1687350059,1.58041362952739e+20,0.0,1827.99,19529,spark_ethereum,wETH
22,0x59cd1c87501baa753d0b5b5ab5d8416a45cd71db4a4c0000,1687420451,1.5003006300056905e+20,0.0,1909.58810564,19530,spark_ethereum,wETH
23,0x59cd1c87501baa753d0b5b5ab5d8416a45cd71db4f4c0000,1687902671,1.5011033161153983e+20,0.0,1891.1757,19535,spark_ethereum,wETH
24,0x59cd1c87501baa753d0b5b5ab5d8416a45cd71db514c0000,1687998599,1.5012630345878156e+20,0.0,1828.2,19537,spark_ethereum,wETH
25,0x59cd1c87501baa753d0b5b5ab5d8416a45cd71db524c0000,1688108915,1.1501436970588773e+21,0.0,1875.00922501,19538,spark_ethereum,wETH
26,0x59cd1c87501baa753d0b5b5ab5d8416a45cd71db534c0000,1688183399,1.150223974847266e+21,0.0,1921.612,19539,spark_ethereum,wETH
27,0x59cd1c87501baa753d0b5b5ab5d8416a45cd71db544c0000,1688291315,1.1503405309538164e+21,0.0,1913.80830306,19540,spark_ethereum,wETH
28,0x59cd1c87501baa753d0b5b5ab5d8416a45cd71db554c0000,1688415947,1.150475041180976e+21,0.0,1959.9102016,19541,spark_ethereum,wETH
29,0x59cd1c87501baa753d0b5b5ab5d8416a45cd71db564c0000,1688464631,1.1516273804103805e+21,0.0,1954.36,19542,spark_ethereum,wETH
30,0x59cd1c87501baa753d0b5b5ab5d8416a45cd71db574c0000,1688573975,1.5017451279630192e+21,0.0,1902.49,19543,spark_ethereum,wETH
31,0x59cd1c87501baa753d0b5b5ab5d8416a45cd71db594c0000,1688749727,1.5020415168392098e+21,0.0,1872.25752588,19545,spark_ethereum,wETH
32,0x59cd1c87501baa753d0b5b5ab5d8416a45cd71db5a4c0000,1688804399,1.502133722652231e+21,0.0,1861.99655921,19546,spark_ethereum,wETH
33,0x59cd1c87501baa753d0b5b5ab5d8416a45cd71db5b4c0000,1688905979,1.5023051130784766e+21,0.0,1869.04,19547,spark_ethereum,wETH
34,0x59cd1c87501baa753d0b5b5ab5d8416a45cd71db5c4c0000,1688965103,1.5024048980259279e+21,0.0,1862.16266109,19548,spark_ethereum,wETH
35,0x59cd1c87501baa753d0b5b5ab5d8416a45cd71db5e4c0000,1689156023,1.5026921901200575e+21,0.0,1889.7068,19550,spark_ethereum,wETH
36,0x59cd1c87501baa753d0b5b5ab5d8416a45cd71db5f4c0000,1689240875,1.502819911074586e+21,0.0,1873.56210456,19551,spark_ethereum,wETH
37,0x59cd1c87501baa753d0b5b5ab5d8416a45cd71db614c0000,1689400799,1.5030607740631895e+21,0.0,1928.72,19553,spark_ethereum,wETH
38,0x59cd1c87501baa753d0b5b5ab5d8416a45cd71db624c0000,1689547499,1.5030607740631895e+21,0.0,1928.72,19554,spark_ethereum,wETH
39,0x59cd1c87501baa753d0b5b5ab5d8416a45cd71db644c0000,1689661823,1.5034540045883083e+21,0.0,1904.69,19556,spark_ethereum,wETH
40,0x59cd1c87501baa753d0b5b5ab5d8416a45cd71db664c0000,1689893819,1.0042613066373948e+21,0.0,1894.0617,19558,spark_ethereum,wETH
41,0x59cd1c87501baa753d0b5b5ab5d8416a45cd71db674c0000,1689983975,1.0052007663323485e+21,0.0,1892.15,19559,spark_ethereum,wETH
42,0x59cd1c87501baa753d0b5b5ab5d8416a45cd71db684c0000,1690065827,1.0058234243290078e+21,0.0,1886.77,19560,spark_ethereum,wETH
43,0x59cd1c87501baa753d0b5b5ab5d8416a45cd71db694c0000,1690148759,1.0167050422416365e+21,0.0,1879.1775,19561,spark_ethereum,wETH
44,0x59cd1c87501baa753d0b5b5ab5d8416a45cd71db6b4c0000,1690286771,1.0168176437298368e+21,0.0,1852.64881897,19563,spark_ethereum,wETH
45,0x59cd1c87501baa753d0b5b5ab5d8416a45cd71db6c4c0000,1690365071,1.0185315465136243e+21,0.0,1854.56,19564,spark_ethereum,wETH
46,0x59cd1c87501baa753d0b5b5ab5d8416a45cd71db6d4c0000,1690462535,1.0186115208150863e+21,0.0,1876.84,19565,spark_ethereum,wETH
47,0x59cd1c87501baa753d0b5b5ab5d8416a45cd71db6e4c0000,1690543475,1.0186779370114942e+21,0.0,1867.10140733,19566,spark_ethereum,wETH
48,0x59cd1c87501baa753d0b5b5ab5d8416a45cd71db6f4c0000,1690598147,1.0187228010161804e+21,0.0,1876.39636,19567,spark_ethereum,wETH
49,0x59cd1c87501baa753d0b5b5ab5d8416a45cd71db704c0000,1690726343,1.0188284065274532e+21,0.0,1872.91852,19568,spark_ethereum,wETH
50,0x59cd1c87501baa753d0b5b5ab5d8416a45cd71db724c0000,1690879631,1.0189596783679751e+21,0.0,1833.78337551,19570,spark_ethereum,wETH
51,0x59cd1c87501baa753d0b5b5ab5d8416a45cd71db734c0000,1690999115,1.0800541179305186e+21,0.0,1830.51653377,19571,spark_ethereum,wETH
52,0x59cd1c87501baa753d0b5b5ab5d8416a45cd71db744c0000,1691088455,1.0831311181724037e+21,0.0,1846.272851,19572,spark_ethereum,wETH
53,0x59cd1c87501baa753d0b5b5ab5d8416a45cd71db754c0000,1691186375,1.1606403199333146e+21,0.0,1828.36,19573,spark_ethereum,wETH
54,0x59cd1c87501baa753d0b5b5ab5d8416a45cd71db764c0000,1691221043,1.1106738678052339e+21,0.0,1829.93,19574,spark_ethereum,wETH
55,0x59cd1c87501baa753d0b5b5ab5d8416a45cd71db774c0000,1691342087,1.1357829710485809e+21,0.0,1833.1422908,19575,spark_ethereum,wETH
56,0x59cd1c87501baa753d0b5b5ab5d8416a45cd71db784c0000,1691452139,2.7300576828177766e+21,0.0,1825.27,19576,spark_ethereum,wETH
57,0x59cd1c87501baa753d0b5b5ab5d8416a45cd71db794c0000,1691527691,2.7302667634175435e+21,0.0,1859.60578,19577,spark_ethereum,wETH
58,0x59cd1c87501baa753d0b5b5ab5d8416a45cd71db7a4c0000,1691616779,3.1326565062566027e+21,0.0,1851.88545028,19578,spark_ethereum,wETH
59,0x59cd1c87501baa753d0b5b5ab5d8416a45cd71db7b4c0000,1691711039,3.9422282029870036e+21,0.0,1850.301601,19579,spark_ethereum,wETH
60,0x59cd1c87501baa753d0b5b5ab5d8416a45cd71db7c4c0000,1691796827,4.433538115692805e+21,0.0,1845.4751,19580,spark_ethereum,wETH
61,0x59cd1c87501baa753d0b5b5ab5d8416a45cd71db7d4c0000,1691883515,4.437948523442386e+21,0.0,1848.88214,19581,spark_ethereum,wETH
62,0x59cd1c87501baa753d0b5b5ab5d8416a45cd71db7e4c0000,1691959343,4.44030951455655e+21,0.0,1858.25530282,19582,spark_ethereum,wETH
63,0x59cd1c87501baa753d0b5b5ab5d8416a45cd71db7f4c0000,1692027455,4.46862829031353e+21,0.0,1852.18,19583,spark_ethereum,wETH
64,0x59cd1c87501baa753d0b5b5ab5d8416a45cd71db804c0000,1692134759,4.469132620609662e+21,0.0,1827.98,19584,spark_ethereum,wETH
65,0x59cd1c87501baa753d0b5b5ab5d8416a45cd71db814c0000,1692220403,4.4695361567681974e+21,0.0,1807.2966,19585,spark_ethereum,wETH
66,0x59cd1c87501baa753d0b5b5ab5d8416a45cd71db824c0000,1692311159,4.945573109955203e+21,0.0,1639.66,19586,spark_ethereum,wETH
67,0x59cd1c87501baa753d0b5b5ab5d8416a45cd71db834c0000,1692401987,4.925918699309424e+21,0.0,1663.31740442,19587,spark_ethereum,wETH
68,0x59cd1c87501baa753d0b5b5ab5d8416a45cd71db844c0000,1692487163,4.922190743848329e+21,0.0,1664.7307,19588,spark_ethereum,wETH
69,0x59cd1c87501baa753d0b5b5ab5d8416a45cd71db854c0000,1692570731,1.7117831476141868e+21,0.0,1683.0831095,19589,spark_ethereum,wETH
70,0x59cd1c87501baa753d0b5b5ab5d8416a45cd71db864c0000,1692657635,3.3044819585950994e+21,0.0,1672.66,19590,spark_ethereum,wETH
71,0x59cd1c87501baa753d0b5b5ab5d8416a45cd71db874c0000,1692748079,6.434862356010322e+21,0.0,1629.14,19591,spark_ethereum,wETH
72,0x59cd1c87501baa753d0b5b5ab5d8416a45cd71db884c0000,1692833087,7.247952296760797e+21,0.0,1675.14,19592,spark_ethereum,wETH
73,0x59cd1c87501baa753d0b5b5ab5d8416a45cd71db894c0000,1692921371,8.748665805028918e+21,0.0,1659.2248141,19593,spark_ethereum,wETH
74,0x59cd1c87501baa753d0b5b5ab5d8416a45cd71db8a4c0000,1693007387,8.799317394342072e+21,0.0,1652.8618,19594,spark_ethereum,wETH
75,0x59cd1c87501baa753d0b5b5ab5d8416a45cd71db8b4c0000,1693086083,9.199910566099181e+21,0.0,1646.8,19595,spark_ethereum,wETH
76,0x59cd1c87501baa753d0b5b5ab5d8416a45cd71db8c4c0000,1693176899,1.0661870007977815e+22,0.0,1652.54,19596,spark_ethereum,wETH
77,0x59cd1c87501baa753d0b5b5ab5d8416a45cd71db8d4c0000,1693233527,8.20095586612046e+21,0.0,1649.37,19597,spark_ethereum,wETH
78,0x59cd1c87501baa753d0b5b5ab5d8416a45cd71db8e4c0000,1693352603,8.349051737218229e+21,0.0,1729.2024,19598,spark_ethereum,wETH
79,0x59cd1c87501baa753d0b5b5ab5d8416a45cd71db8f4c0000,1693433135,1.291844203654443e+22,0.0,1705.16662002,19599,spark_ethereum,wETH
80,0x59cd1c87501baa753d0b5b5ab5d8416a45cd71db904c0000,1693526399,8.896254831865283e+21,0.0,1645.665,19600,spark_ethereum,wETH
81,0x59cd1c87501baa753d0b5b5ab5d8416a45cd71db914c0000,1693599299,8.896735622142994e+21,0.0,1616.23,19601,spark_ethereum,wETH
82,0x59cd1c87501baa753d0b5b5ab5d8416a45cd71db924c0000,1693686887,9.896231754654804e+21,0.0,1634.14775381,19602,spark_ethereum,wETH
83,0x59cd1c87501baa753d0b5b5ab5d8416a45cd71db934c0000,1693783247,1.3896964450344774e+22,0.0,1635.32,19603,spark_ethereum,wETH
84,0x59cd1c87501baa753d0b5b5ab5d8416a45cd71db944c0000,1693869179,1.3898079078250562e+22,0.0,1622.57827374,19604,spark_ethereum,wETH
85,0x59cd1c87501baa753d0b5b5ab5d8416a45cd71db954c0000,1693943699,1.588727325626749e+22,0.0,1634.54028102,19605,spark_ethereum,wETH
86,0x59cd1c87501baa753d0b5b5ab5d8416a45cd71db964c0000,1694044271,1.948804757922488e+22,0.0,1631.21,19606,spark_ethereum,wETH
87,0x59cd1c87501baa753d0b5b5ab5d8416a45cd71db974c0000,1694127659,1.94334533952477e+22,0.0,1652.9,19607,spark_ethereum,wETH
88,0x59cd1c87501baa753d0b5b5ab5d8416a45cd71db984c0000,1694206955,1.9434780931156926e+22,0.0,1636.015,19608,spark_ethereum,wETH
89,0x59cd1c87501baa753d0b5b5ab5d8416a45cd71db994c0000,1694296967,1.921606973594674e+22,0.0,1634.50006,19609,spark_ethereum,wETH
90,0x59cd1c87501baa753d0b5b5ab5d8416a45cd71db9a4c0000,1694387651,1.8796296351722053e+22,0.0,1620.07,19610,spark_ethereum,wETH
91,0x59cd1c87501baa753d0b5b5ab5d8416a45cd71db9b4c0000,1694468903,2.233970743060243e+22,0.0,1540.73792497,19611,spark_ethereum,wETH
92,0x59cd1c87501baa753d0b5b5ab5d8416a45cd71db9c4c0000,1694556779,2.258143930119751e+22,0.0,1601.9229,19612,spark_ethereum,wETH
93,0x59cd1c87501baa753d0b5b5ab5d8416a45cd71db9d4c0000,1694644391,2.4570588631210165e+22,0.0,1605.19,19613,spark_ethereum,wETH
94,0x59cd1c87501baa753d0b5b5ab5d8416a45cd71db9e4c0000,1694721131,2.5380422917032027e+22,0.0,1630.805,19614,spark_ethereum,wETH
95,0x59cd1c87501baa753d0b5b5ab5d8416a45cd71db9f4c0000,1694817623,2.4191425399431755e+22,0.0,1637.3,19615,spark_ethereum,wETH
96,0x59cd1c87501baa753d0b5b5ab5d8416a45cd71dba04c0000,1694904647,2.4968614165288113e+22,0.0,1637.0749,19616,spark_ethereum,wETH
97,0x59cd1c87501baa753d0b5b5ab5d8416a45cd71dba14c0000,1694986355,2.397323604242913e+22,0.0,1613.86004772,19617,spark_ethereum,wETH
98,0x59cd1c87501baa753d0b5b5ab5d8416a45cd71dba24c0000,1695054599,2.009568803707534e+22,0.0,1655.95866,19618,spark_ethereum,wETH
99,0x59cd1c87501baa753d0b5b5ab5d8416a45cd71dba34c0000,1695162527,2.0097831897530485e+22,0.0,1642.04134884,19619,spark_ethereum,wETH
100,0x59cd1c87501baa753d0b5b5ab5d8416a45cd71dba44c0000,1695252803,2.0099608257490628e+22,0.0,1622.834051,19620,spark_ethereum,wETH
101,0x59cd1c87501baa753d0b5b5ab5d8416a45cd71dba54c0000,1695337211,1.954369054505524e+22,0.0,1585.55,19621,spark_ethereum,wETH
102,0x59cd1c87501baa753d0b5b5ab5d8416a45cd71dba64c0000,1695425375,1.9572485025366117e+22,0.0,1594.68020978,19622,spark_ethereum,wETH
103,0x59cd1c87501baa753d0b5b5ab5d8416a45cd71dba74c0000,1695495107,1.957383504929399e+22,0.0,1591.3125,19623,spark_ethereum,wETH
104,0x59cd1c87501baa753d0b5b5ab5d8416a45cd71dba84c0000,1695586259,1.8325128546147027e+22,0.0,1587.86,19624,spark_ethereum,wETH
105,0x59cd1c87501baa753d0b5b5ab5d8416a45cd71dba94c0000,1695684899,1.8394533467821514e+22,0.0,1587.18312,19625,spark_ethereum,wETH
106,0x59cd1c87501baa753d0b5b5ab5d8416a45cd71dbaa4c0000,1695767627,1.7885077552613093e+22,0.0,1587.88462427,19626,spark_ethereum,wETH
107,0x59cd1c87501baa753d0b5b5ab5d8416a45cd71dbab4c0000,1695857699,2.0101483736226433e+22,0.0,1595.73079,19627,spark_ethereum,wETH
108,0x59cd1c87501baa753d0b5b5ab5d8416a45cd71dbac4c0000,1695942047,2.052025079665597e+22,0.0,1651.06397,19628,spark_ethereum,wETH
109,0x59cd1c87501baa753d0b5b5ab5d8416a45cd71dbad4c0000,1696030295,1.975205985479936e+22,0.0,1667.34930728,19629,spark_ethereum,wETH
110,0x59cd1c87501baa753d0b5b5ab5d8416a45cd71dbae4c0000,1696111475,2.1722099594083434e+22,0.0,1679.69517435,19630,spark_ethereum,wETH
111,0x59cd1c87501baa753d0b5b5ab5d8416a45cd71dbaf4c0000,1696201139,1.7422539912268749e+22,0.0,1731.2,19631,spark_ethereum,wETH
112,0x59cd1c87501baa753d0b5b5ab5d8416a45cd71dbb04c0000,1696287071,1.826819555997235e+22,0.0,1655.4,19632,spark_ethereum,wETH
113,0x59cd1c87501baa753d0b5b5ab5d8416a45cd71dbb14c0000,1696374251,1.7660815338217438e+22,0.0,1651.51628,19633,spark_ethereum,wETH
114,0x59cd1c87501baa753d0b5b5ab5d8416a45cd71dbb24c0000,1696458719,1.8491175786121783e+22,0.0,1644.0060506,19634,spark_ethereum,wETH
115,0x59cd1c87501baa753d0b5b5ab5d8416a45cd71dbb34c0000,1696542935,2.0461631113939055e+22,0.0,1614.927472,19635,spark_ethereum,wETH
116,0x59cd1c87501baa753d0b5b5ab5d8416a45cd71dbb44c0000,1696631219,2.300553081092663e+22,0.0,1655.26433,19636,spark_ethereum,wETH
117,0x59cd1c87501baa753d0b5b5ab5d8416a45cd71dbb54c0000,1696713287,2.3076730683963298e+22,0.0,1633.9548,19637,spark_ethereum,wETH
118,0x59cd1c87501baa753d0b5b5ab5d8416a45cd71dbb64c0000,1696803503,2.207114235011049e+22,0.0,1635.8,19638,spark_ethereum,wETH
119,0x59cd1c87501baa753d0b5b5ab5d8416a45cd71dbb74c0000,1696894883,2.33992659081049e+22,0.0,1577.85525,19639,spark_ethereum,wETH
120,0x59cd1c87501baa753d0b5b5ab5d8416a45cd71dbb84c0000,1696979363,2.2460804467586977e+22,0.0,1569.0,19640,spark_ethereum,wETH
121,0x59cd1c87501baa753d0b5b5ab5d8416a45cd71dbb94c0000,1697067755,2.2462639090370655e+22,0.0,1565.48659235,19641,spark_ethereum,wETH
122,0x59cd1c87501baa753d0b5b5ab5d8416a45cd71dbba4c0000,1697152787,2.558536880306757e+22,0.0,1538.84,19642,spark_ethereum,wETH
123,0x59cd1c87501baa753d0b5b5ab5d8416a45cd71dbbb4c0000,1697228771,2.6990802080138262e+22,0.0,1544.04,19643,spark_ethereum,wETH
124,0x59cd1c87501baa753d0b5b5ab5d8416a45cd71dbbc4c0000,1697326535,2.599327628641442e+22,0.0,1556.3841,19644,spark_ethereum,wETH
125,0x59cd1c87501baa753d0b5b5ab5d8416a45cd71dbbd4c0000,1697401859,2.599501047517332e+22,0.0,1559.35505149,19645,spark_ethereum,wETH
126,0x59cd1c87501baa753d0b5b5ab5d8416a45cd71dbbe4c0000,1697499347,2.496335344884559e+22,0.0,1600.9586,19646,spark_ethereum,wETH
127,0x59cd1c87501baa753d0b5b5ab5d8416a45cd71dbbf4c0000,1697580023,2.7020782232828377e+22,0.0,1562.37303912,19647,spark_ethereum,wETH
128,0x59cd1c87501baa753d0b5b5ab5d8416a45cd71dbc04c0000,1697669423,2.762203865973785e+22,0.0,1559.77992977,19648,spark_ethereum,wETH
129,0x59cd1c87501baa753d0b5b5ab5d8416a45cd71dbc14c0000,1697756027,2.4754729529733166e+22,0.0,1564.96,19649,spark_ethereum,wETH
130,0x59cd1c87501baa753d0b5b5ab5d8416a45cd71dbc24c0000,1697836487,2.697164858553375e+22,0.0,1608.9637,19650,spark_ethereum,wETH
131,0x59cd1c87501baa753d0b5b5ab5d8416a45cd71dbc34c0000,1697931719,2.9154683662105873e+22,0.0,1630.9,19651,spark_ethereum,wETH
132,0x59cd1c87501baa753d0b5b5ab5d8416a45cd71dbc44c0000,1698010343,3.0773399422529637e+22,0.0,1639.5887,19652,spark_ethereum,wETH
133,0x59cd1c87501baa753d0b5b5ab5d8416a45cd71dbc54c0000,1698104903,3.064605710200091e+22,0.0,1762.59,19653,spark_ethereum,wETH
134,0x59cd1c87501baa753d0b5b5ab5d8416a45cd71dbc64c0000,1698181235,2.6008941498686627e+22,0.0,1771.55324419,19654,spark_ethereum,wETH
135,0x59cd1c87501baa753d0b5b5ab5d8416a45cd71dbc74c0000,1698273719,2.5864710351334714e+22,0.0,1788.16715055,19655,spark_ethereum,wETH
136,0x59cd1c87501baa753d0b5b5ab5d8416a45cd71dbc84c0000,1698364799,3.1689803764337062e+22,0.0,1802.19222473,19656,spark_ethereum,wETH
137,0x59cd1c87501baa753d0b5b5ab5d8416a45cd71dbc94c0000,1698446735,3.0157102757702793e+22,0.0,1780.87836,19657,spark_ethereum,wETH
138,0x59cd1c87501baa753d0b5b5ab5d8416a45cd71dbca4c0000,1698537119,2.4319400768010445e+22,0.0,1777.73102,19658,spark_ethereum,wETH
139,0x59cd1c87501baa753d0b5b5ab5d8416a45cd71dbcb4c0000,1698615743,2.3733107241413423e+22,0.0,1797.43549,19659,spark_ethereum,wETH
140,0x59cd1c87501baa753d0b5b5ab5d8416a45cd71dbcc4c0000,1698705683,2.7003751549773264e+22,0.0,1813.8698,19660,spark_ethereum,wETH
141,0x59cd1c87501baa753d0b5b5ab5d8416a45cd71dbcd4c0000,1698796295,1.9846484728229952e+22,0.0,1811.16,19661,spark_ethereum,wETH
142,0x59cd1c87501baa753d0b5b5ab5d8416a45cd71dbce4c0000,1698872339,1.6672331940952503e+22,0.0,1841.50747664,19662,spark_ethereum,wETH
143,0x59cd1c87501baa753d0b5b5ab5d8416a45cd71dbcf4c0000,1698969095,4.021599891413255e+22,0.0,1795.8416,19663,spark_ethereum,wETH
144,0x59cd1c87501baa753d0b5b5ab5d8416a45cd71dbd04c0000,1699019051,4.809374539961848e+22,0.0,1797.1489,19664,spark_ethereum,wETH
145,0x59cd1c87501baa753d0b5b5ab5d8416a45cd71dbd14c0000,1699142351,4.954581630222666e+22,0.0,1856.72674697,19665,spark_ethereum,wETH
146,0x59cd1c87501baa753d0b5b5ab5d8416a45cd71dbd24c0000,1699227731,4.929848778118856e+22,0.0,1894.8775,19666,spark_ethereum,wETH
147,0x59cd1c87501baa753d0b5b5ab5d8416a45cd71dbd34c0000,1699314887,5.0088821851582724e+22,0.0,1901.85359639,19667,spark_ethereum,wETH
148,0x59cd1c87501baa753d0b5b5ab5d8416a45cd71dbd44c0000,1699395047,5.642365000694434e+22,0.0,1894.42938,19668,spark_ethereum,wETH
149,0x59cd1c87501baa753d0b5b5ab5d8416a45cd71dbd54c0000,1699484855,5.654262999280821e+22,0.0,1894.99,19669,spark_ethereum,wETH
150,0x59cd1c87501baa753d0b5b5ab5d8416a45cd71dbd64c0000,1699572179,8.140207818260847e+22,0.0,2097.79763,19670,spark_ethereum,wETH
151,0x59cd1c87501baa753d0b5b5ab5d8416a45cd71dbd74c0000,1699657943,8.605049082096863e+22,0.0,2080.4,19671,spark_ethereum,wETH
152,0x59cd1c87501baa753d0b5b5ab5d8416a45cd71dbd84c0000,1699735679,8.370640431671072e+22,0.0,2065.336001,19672,spark_ethereum,wETH
153,0x59cd1c87501baa753d0b5b5ab5d8416a45cd71dbd94c0000,1699828955,8.221309515065443e+22,0.0,2060.62,19673,spark_ethereum,wETH
154,0x59cd1c87501baa753d0b5b5ab5d8416a45cd71dbda4c0000,1699912283,8.229893750687301e+22,0.0,2057.38952086,19674,spark_ethereum,wETH
155,0x59cd1c87501baa753d0b5b5ab5d8416a45cd71dbdb4c0000,1700003051,8.226528051252585e+22,0.0,1984.21,19675,spark_ethereum,wETH
156,0x59cd1c87501baa753d0b5b5ab5d8416a45cd71dbdc4c0000,1700092175,8.2265350947422e+22,0.0,2055.89045233,19676,spark_ethereum,wETH
157,0x59cd1c87501baa753d0b5b5ab5d8416a45cd71dbdd4c0000,1700172659,7.65208025757402e+22,0.0,1959.4908445,19677,spark_ethereum,wETH
158,0x59cd1c87501baa753d0b5b5ab5d8416a45cd71dbde4c0000,1700258447,7.579643450950864e+22,0.0,1944.61,19678,spark_ethereum,wETH
159,0x59cd1c87501baa753d0b5b5ab5d8416a45cd71dbdf4c0000,1700350799,7.487966609125571e+22,0.0,1959.6748,19679,spark_ethereum,wETH
160,0x59cd1c87501baa753d0b5b5ab5d8416a45cd71dbe04c0000,1700435303,7.3919267384240145e+22,0.0,1992.48888,19680,spark_ethereum,wETH
161,0x59cd1c87501baa753d0b5b5ab5d8416a45cd71dbe14c0000,1700521643,7.518975193546803e+22,0.0,2023.13,19681,spark_ethereum,wETH
162,0x59cd1c87501baa753d0b5b5ab5d8416a45cd71dbe24c0000,1700609243,1.0017066983547723e+23,0.0,1947.84,19682,spark_ethereum,wETH
163,0x59cd1c87501baa753d0b5b5ab5d8416a45cd71dbe34c0000,1700683271,1.1118914279246366e+23,0.0,2077.39,19683,spark_ethereum,wETH
164,0x59cd1c87501baa753d0b5b5ab5d8416a45cd71dbe44c0000,1700780159,1.1119459446274745e+23,0.0,2065.6738,19684,spark_ethereum,wETH
165,0x59cd1c87501baa753d0b5b5ab5d8416a45cd71dbe54c0000,1700861495,1.0653642466550568e+23,0.0,2091.81,19685,spark_ethereum,wETH
166,0x59cd1c87501baa753d0b5b5ab5d8416a45cd71dbe64c0000,1700955659,1.066625409843208e+23,0.0,2084.3673255,19686,spark_ethereum,wETH
167,0x59cd1c87501baa753d0b5b5ab5d8416a45cd71dbe74c0000,1701041159,1.0798938339087631e+23,0.0,2067.22,19687,spark_ethereum,wETH
168,0x59cd1c87501baa753d0b5b5ab5d8416a45cd71dbe84c0000,1701116339,1.079965131865378e+23,0.0,1994.2846352,19688,spark_ethereum,wETH
169,0x59cd1c87501baa753d0b5b5ab5d8416a45cd71dbe94c0000,1701209147,1.0850494826100423e+23,0.0,2053.81,19689,spark_ethereum,wETH
170,0x59cd1c87501baa753d0b5b5ab5d8416a45cd71dbea4c0000,1701299183,1.1162734418989894e+23,0.0,2029.96,19690,spark_ethereum,wETH
171,0x59cd1c87501baa753d0b5b5ab5d8416a45cd71dbeb4c0000,1701384179,1.1133537234203209e+23,0.0,2047.65747816,19691,spark_ethereum,wETH
172,0x59cd1c87501baa753d0b5b5ab5d8416a45cd71dbec4c0000,1701470315,1.1130447442656198e+23,0.0,2092.92,19692,spark_ethereum,wETH
173,0x59cd1c87501baa753d0b5b5ab5d8416a45cd71dbed4c0000,1701557831,1.1411462921086161e+23,0.0,2157.11277833,19693,spark_ethereum,wETH
174,0x59cd1c87501baa753d0b5b5ab5d8416a45cd71dbee4c0000,1701642731,1.2328954601890711e+23,0.0,2207.58798,19694,spark_ethereum,wETH
175,0x59cd1c87501baa753d0b5b5ab5d8416a45cd71dbef4c0000,1701732899,1.2657023808672427e+23,0.0,2235.42,19695,spark_ethereum,wETH
176,0x59cd1c87501baa753d0b5b5ab5d8416a45cd71dbf04c0000,1701819755,1.2745036268579624e+23,0.0,2293.1702,19696,spark_ethereum,wETH
177,0x59cd1c87501baa753d0b5b5ab5d8416a45cd71dbf14c0000,1701905039,1.2855677445919226e+23,0.0,2225.61,19697,spark_ethereum,wETH
178,0x59cd1c87501baa753d0b5b5ab5d8416a45cd71dbf24c0000,1701991415,1.3033498032966386e+23,0.0,2355.0363,19698,spark_ethereum,wETH
179,0x59cd1c87501baa753d0b5b5ab5d8416a45cd71dbf34c0000,1702073291,1.2337297371331554e+23,0.0,2365.77189,19699,spark_ethereum,wETH
180,0x59cd1c87501baa753d0b5b5ab5d8416a45cd71dbf44c0000,1702163771,1.3625938965113379e+23,0.0,2356.3,19700,spark_ethereum,wETH
181,0x59cd1c87501baa753d0b5b5ab5d8416a45cd71dbf54c0000,1702250975,1.3531832471803478e+23,0.0,2351.28566,19701,spark_ethereum,wETH
182,0x59cd1c87501baa753d0b5b5ab5d8416a45cd71dbf64c0000,1702337663,1.3532252462441202e+23,0.0,2224.29825,19702,spark_ethereum,wETH
183,0x59cd1c87501baa753d0b5b5ab5d8416a45cd71dbf74c0000,1702422227,1.3420312721960142e+23,0.0,2189.4,19703,spark_ethereum,wETH
184,0x59cd1c87501baa753d0b5b5ab5d8416a45cd71dbf84c0000,1702508519,1.3392824558352322e+23,0.0,2261.05,19704,spark_ethereum,wETH
185,0x59cd1c87501baa753d0b5b5ab5d8416a45cd71dbf94c0000,1702596071,1.271351930229878e+23,0.0,2326.67599598,19705,spark_ethereum,wETH
186,0x59cd1c87501baa753d0b5b5ab5d8416a45cd71dbfa4c0000,1702679495,1.2714455587190255e+23,0.0,2233.1,19706,spark_ethereum,wETH
187,0x59cd1c87501baa753d0b5b5ab5d8416a45cd71dbfb4c0000,1702769039,1.3085337824016387e+23,0.0,2227.2,19707,spark_ethereum,wETH
188,0x59cd1c87501baa753d0b5b5ab5d8416a45cd71dbfc4c0000,1702853639,1.3121856570375525e+23,0.0,2212.05339198,19708,spark_ethereum,wETH
189,0x59cd1c87501baa753d0b5b5ab5d8416a45cd71dbfd4c0000,1702940435,1.3397042203368558e+23,0.0,2210.84,19709,spark_ethereum,wETH
190,0x59cd1c87501baa753d0b5b5ab5d8416a45cd71dbfe4c0000,1703028491,1.2841010345625505e+23,0.0,2178.05123011,19710,spark_ethereum,wETH
191,0x59cd1c87501baa753d0b5b5ab5d8416a45cd71dbff4c0000,1703113163,1.4186824001080164e+23,0.0,2190.96680083,19711,spark_ethereum,wETH
192,0x59cd1c87501baa753d0b5b5ab5d8416a45cd71db004d0000,1703203127,1.4273481124572643e+23,0.0,2237.9,19712,spark_ethereum,wETH
193,0x59cd1c87501baa753d0b5b5ab5d8416a45cd71db014d0000,1703288783,1.4330581635325297e+23,0.0,2325.3829,19713,spark_ethereum,wETH
194,0x59cd1c87501baa753d0b5b5ab5d8416a45cd71db024d0000,1703372291,1.4474689652102255e+23,0.0,2299.0453,19714,spark_ethereum,wETH
195,0x59cd1c87501baa753d0b5b5ab5d8416a45cd71db034d0000,1703459795,1.5181901919652096e+23,0.0,2257.26,19715,spark_ethereum,wETH
196,0x59cd1c87501baa753d0b5b5ab5d8416a45cd71db044d0000,1703546387,1.5103871706102422e+23,0.0,2282.11,19716,spark_ethereum,wETH
197,0x59cd1c87501baa753d0b5b5ab5d8416a45cd71db054d0000,1703633111,1.5068772468556086e+23,0.0,2226.89,19717,spark_ethereum,wETH
198,0x59cd1c87501baa753d0b5b5ab5d8416a45cd71db064d0000,1703720747,1.4662085583756376e+23,0.0,2383.27,19718,spark_ethereum,wETH
199,0x59cd1c87501baa753d0b5b5ab5d8416a45cd71db074d0000,1703805767,1.4626287981960109e+23,0.0,2345.79933358,19719,spark_ethereum,wETH
200,0x59cd1c87501baa753d0b5b5ab5d8416a45cd71db084d0000,1703892731,1.4528903085288271e+23,0.0,2289.72316626,19720,spark_ethereum,wETH
201,0x59cd1c87501baa753d0b5b5ab5d8416a45cd71db094d0000,1703979599,1.4688165260218347e+23,0.0,2290.6,19721,spark_ethereum,wETH
202,0x59cd1c87501baa753d0b5b5ab5d8416a45cd71db0a4d0000,1704066419,1.5094551272873813e+23,0.0,2275.8,19722,spark_ethereum,wETH
203,0x59cd1c87501baa753d0b5b5ab5d8416a45cd71db0b4d0000,1704152219,1.4980765474359692e+23,0.0,2344.96269919,19723,spark_ethereum,wETH
204,0x59cd1c87501baa753d0b5b5ab5d8416a45cd71db0c4d0000,1704237095,1.4931790231728077e+23,0.0,2360.86,19724,spark_ethereum,wETH
205,0x59cd1c87501baa753d0b5b5ab5d8416a45cd71db0d4d0000,1704325919,1.5124462007248428e+23,0.0,2207.96,19725,spark_ethereum,wETH
206,0x59cd1c87501baa753d0b5b5ab5d8416a45cd71db0e4d0000,1704412727,1.490916562709426e+23,0.0,2272.4358,19726,spark_ethereum,wETH
207,0x59cd1c87501baa753d0b5b5ab5d8416a45cd71db0f4d0000,1704494099,1.5159918567476368e+23,0.0,2244.2165,19727,spark_ethereum,wETH
208,0x59cd1c87501baa753d0b5b5ab5d8416a45cd71db104d0000,1704582419,1.5353829630198497e+23,0.0,2236.0568,19728,spark_ethereum,wETH
209,0x59cd1c87501baa753d0b5b5ab5d8416a45cd71db114d0000,1704663407,1.5394724861938648e+23,0.0,2243.0,19729,spark_ethereum,wETH
210,0x59cd1c87501baa753d0b5b5ab5d8416a45cd71db124d0000,1704757703,1.5513217168209706e+23,0.0,2337.32047365,19730,spark_ethereum,wETH
211,0x59cd1c87501baa753d0b5b5ab5d8416a45cd71db134d0000,1704844787,1.535357992349546e+23,0.0,2341.6452,19731,spark_ethereum,wETH
212,0x59cd1c87501baa753d0b5b5ab5d8416a45cd71db144d0000,1704931019,1.5533557286319323e+23,0.0,2584.99,19732,spark_ethereum,wETH
213,0x59cd1c87501baa753d0b5b5ab5d8416a45cd71db154d0000,1705017587,1.592492632543446e+23,0.0,2620.6517,19733,spark_ethereum,wETH
214,0x59cd1c87501baa753d0b5b5ab5d8416a45cd71db164d0000,1705102175,1.592591186779949e+23,0.0,2516.69,19734,spark_ethereum,wETH
215,0x59cd1c87501baa753d0b5b5ab5d8416a45cd71db174d0000,1705187663,1.6082689174589916e+23,0.0,2583.5,19735,spark_ethereum,wETH
216,0x59cd1c87501baa753d0b5b5ab5d8416a45cd71db184d0000,1705276463,1.6151384220447647e+23,0.0,2469.4138,19736,spark_ethereum,wETH
217,0x59cd1c87501baa753d0b5b5ab5d8416a45cd71db194d0000,1705361087,1.6151192950066978e+23,0.0,2514.11731825,19737,spark_ethereum,wETH
218,0x59cd1c87501baa753d0b5b5ab5d8416a45cd71db1a4d0000,1705449539,1.614546075517778e+23,0.0,2589.05,19738,spark_ethereum,wETH
219,0x59cd1c87501baa753d0b5b5ab5d8416a45cd71db1b4d0000,1705535147,1.606302549457496e+23,0.0,2523.09347272,19739,spark_ethereum,wETH
220,0x59cd1c87501baa753d0b5b5ab5d8416a45cd71db1c4d0000,1705621823,1.5909603024640304e+23,0.0,2468.49658908,19740,spark_ethereum,wETH
221,0x59cd1c87501baa753d0b5b5ab5d8416a45cd71db1d4d0000,1705708751,1.5814144445779316e+23,0.0,2489.54933269,19741,spark_ethereum,wETH
222,0x59cd1c87501baa753d0b5b5ab5d8416a45cd71db1e4d0000,1705788695,1.572330692635914e+23,0.0,2464.93967507,19742,spark_ethereum,wETH
223,0x59cd1c87501baa753d0b5b5ab5d8416a45cd71db1f4d0000,1705879775,1.6513240912888915e+23,0.0,2460.62,19743,spark_ethereum,wETH
224,0x59cd1c87501baa753d0b5b5ab5d8416a45cd71db204d0000,1705966163,1.6364804477309678e+23,0.0,2318.62236,19744,spark_ethereum,wETH
225,0x59cd1c87501baa753d0b5b5ab5d8416a45cd71db214d0000,1706052755,1.546016305993208e+23,0.0,2241.21342757,19745,spark_ethereum,wETH
226,0x59cd1c87501baa753d0b5b5ab5d8416a45cd71db224d0000,1706133659,1.540909460575751e+23,0.0,2212.43,19746,spark_ethereum,wETH
227,0x59cd1c87501baa753d0b5b5ab5d8416a45cd71db234d0000,1706225987,1.5327381819351942e+23,0.0,2220.62682854,19747,spark_ethereum,wETH
228,0x59cd1c87501baa753d0b5b5ab5d8416a45cd71db244d0000,1706307011,1.5039183314994861e+23,0.0,2259.20357895,19748,spark_ethereum,wETH
229,0x59cd1c87501baa753d0b5b5ab5d8416a45cd71db254d0000,1706398103,1.514614535822089e+23,0.0,2267.09703,19749,spark_ethereum,wETH
230,0x59cd1c87501baa753d0b5b5ab5d8416a45cd71db264d0000,1706482787,1.5118156545097864e+23,0.0,2247.1,19750,spark_ethereum,wETH
231,0x59cd1c87501baa753d0b5b5ab5d8416a45cd71db274d0000,1706571071,1.447027371746848e+23,0.0,2313.72,19751,spark_ethereum,wETH
232,0x59cd1c87501baa753d0b5b5ab5d8416a45cd71db284d0000,1706654327,1.4525601949333032e+23,0.0,2381.46482,19752,spark_ethereum,wETH
233,0x59cd1c87501baa753d0b5b5ab5d8416a45cd71db294d0000,1706744999,1.5038090514885872e+23,0.0,2284.9433,19753,spark_ethereum,wETH
234,0x59cd1c87501baa753d0b5b5ab5d8416a45cd71db2a4d0000,1706831627,1.5135723501379226e+23,0.0,2293.27294869,19754,spark_ethereum,wETH
235,0x59cd1c87501baa753d0b5b5ab5d8416a45cd71db2b4d0000,1706917319,1.5088440346760989e+23,0.0,2306.8289687,19755,spark_ethereum,wETH
236,0x59cd1c87501baa753d0b5b5ab5d8416a45cd71db2c4d0000,1707003959,1.5093297739731096e+23,0.0,2297.86303635,19756,spark_ethereum,wETH
237,0x59cd1c87501baa753d0b5b5ab5d8416a45cd71db2d4d0000,1707090671,1.509417130429277e+23,0.0,2286.94857252,19757,spark_ethereum,wETH
238,0x59cd1c87501baa753d0b5b5ab5d8416a45cd71db2e4d0000,1707176459,1.5330342152000885e+23,0.0,2291.63967212,19758,spark_ethereum,wETH
239,0x59cd1c87501baa753d0b5b5ab5d8416a45cd71db2f4d0000,1707263075,1.579401299038043e+23,0.0,2381.1,19759,spark_ethereum,wETH
240,0x59cd1c87501baa753d0b5b5ab5d8416a45cd71db304d0000,1707345143,1.5499964471177264e+23,0.0,2428.5087824,19760,spark_ethereum,wETH
241,0x59cd1c87501baa753d0b5b5ab5d8416a45cd71db314d0000,1707435203,1.5198467729525267e+23,0.0,2425.85,19761,spark_ethereum,wETH
242,0x59cd1c87501baa753d0b5b5ab5d8416a45cd71db324d0000,1707522707,1.426687741798757e+23,0.0,2494.00339239,19762,spark_ethereum,wETH
243,0x59cd1c87501baa753d0b5b5ab5d8416a45cd71db334d0000,1707605231,1.3656682297462872e+23,0.0,2497.64440908,19763,spark_ethereum,wETH
244,0x59cd1c87501baa753d0b5b5ab5d8416a45cd71db344d0000,1707694583,1.3492777969802314e+23,0.0,2503.53652733,19764,spark_ethereum,wETH
245,0x59cd1c87501baa753d0b5b5ab5d8416a45cd71db354d0000,1707778499,1.3203602604029426e+23,0.0,2664.1939,19765,spark_ethereum,wETH
246,0x59cd1c87501baa753d0b5b5ab5d8416a45cd71db364d0000,1707868715,1.2883649264071656e+23,0.0,2643.64545309,19766,spark_ethereum,wETH
247,0x59cd1c87501baa753d0b5b5ab5d8416a45cd71db374d0000,1707954155,1.2546446854392536e+23,0.0,2772.95358821,19767,spark_ethereum,wETH
248,0x59cd1c87501baa753d0b5b5ab5d8416a45cd71db384d0000,1708041539,1.2308083222183637e+23,0.0,2823.43011038,19768,spark_ethereum,wETH
249,0x59cd1c87501baa753d0b5b5ab5d8416a45cd71db394d0000,1708127531,1.1988622952799244e+23,0.0,2803.56,19769,spark_ethereum,wETH
250,0x59cd1c87501baa753d0b5b5ab5d8416a45cd71db3a4d0000,1708209755,1.1613991249553135e+23,0.0,2786.1757,19770,spark_ethereum,wETH
251,0x59cd1c87501baa753d0b5b5ab5d8416a45cd71db3b4d0000,1708300607,1.1235075179652653e+23,0.0,2874.74933698,19771,spark_ethereum,wETH
252,0x59cd1c87501baa753d0b5b5ab5d8416a45cd71db3c4d0000,1708387199,1.1526596257626961e+23,0.0,2941.62,19772,spark_ethereum,wETH
253,0x59cd1c87501baa753d0b5b5ab5d8416a45cd71db3d4d0000,1708472627,1.1680114800409438e+23,0.0,3016.63934,19773,spark_ethereum,wETH
254,0x59cd1c87501baa753d0b5b5ab5d8416a45cd71db3e4d0000,1708558799,1.1967419732352802e+23,0.0,2961.73,19774,spark_ethereum,wETH
255,0x59cd1c87501baa753d0b5b5ab5d8416a45cd71db3f4d0000,1708645379,1.3110672322185833e+23,0.0,2974.46,19775,spark_ethereum,wETH
256,0x59cd1c87501baa753d0b5b5ab5d8416a45cd71db404d0000,1708732307,1.3107006103036638e+23,0.0,2922.79389087,19776,spark_ethereum,wETH
257,0x59cd1c87501baa753d0b5b5ab5d8416a45cd71db414d0000,1708807127,1.3304671647800159e+23,0.0,2989.12,19777,spark_ethereum,wETH
258,0x59cd1c87501baa753d0b5b5ab5d8416a45cd71db424d0000,1708905515,1.341021113610614e+23,0.0,3111.97479106,19778,spark_ethereum,wETH
259,0x59cd1c87501baa753d0b5b5ab5d8416a45cd71db434d0000,1708991555,1.338768735237042e+23,0.0,3186.7579,19779,spark_ethereum,wETH
260,0x59cd1c87501baa753d0b5b5ab5d8416a45cd71db444d0000,1709078051,1.3252175331066618e+23,0.0,3250.80281929,19780,spark_ethereum,wETH
261,0x59cd1c87501baa753d0b5b5ab5d8416a45cd71db454d0000,1709163587,1.3173344637327398e+23,0.0,3377.08226617,19781,spark_ethereum,wETH
262,0x59cd1c87501baa753d0b5b5ab5d8416a45cd71db464d0000,1709242895,1.3106475395440348e+23,0.0,3328.00878451,19782,spark_ethereum,wETH
263,0x59cd1c87501baa753d0b5b5ab5d8416a45cd71db474d0000,1709336795,1.3022049799960581e+23,0.0,3436.19165,19783,spark_ethereum,wETH
264,0x59cd1c87501baa753d0b5b5ab5d8416a45cd71db484d0000,1709419955,1.319793750140989e+23,0.0,3409.11972513,19784,spark_ethereum,wETH
265,0x59cd1c87501baa753d0b5b5ab5d8416a45cd71db494d0000,1709506583,1.3186706963673657e+23,0.0,3470.51231736,19785,spark_ethereum,wETH
266,0x59cd1c87501baa753d0b5b5ab5d8416a45cd71db4a4d0000,1709590139,1.2936018977751233e+23,0.0,3577.03544,19786,spark_ethereum,wETH
267,0x59cd1c87501baa753d0b5b5ab5d8416a45cd71db4b4d0000,1709682743,1.2979134247542403e+23,0.0,3570.7,19787,spark_ethereum,wETH
268,0x59cd1c87501baa753d0b5b5ab5d8416a45cd71db4c4d0000,1709766527,1.3592859793838268e+23,0.0,3802.72416857,19788,spark_ethereum,wETH
269,0x59cd1c87501baa753d0b5b5ab5d8416a45cd71db4d4d0000,1709855231,1.345344850980274e+23,0.0,3861.81007874,19789,spark_ethereum,wETH
270,0x59cd1c87501baa753d0b5b5ab5d8416a45cd71db4e4d0000,1709942135,1.3275290716276185e+23,0.0,3894.56637122,19790,spark_ethereum,wETH
271,0x59cd1c87501baa753d0b5b5ab5d8416a45cd71db4f4d0000,1710028547,1.4028610045266674e+23,0.0,3915.16067506,19791,spark_ethereum,wETH
272,0x59cd1c87501baa753d0b5b5ab5d8416a45cd71db504d0000,1710114719,1.436062506100158e+23,0.0,3870.42124283,19792,spark_ethereum,wETH
273,0x59cd1c87501baa753d0b5b5ab5d8416a45cd71db514d0000,1710196127,1.4481764626517744e+23,0.0,4051.72157013,19793,spark_ethereum,wETH
274,0x59cd1c87501baa753d0b5b5ab5d8416a45cd71db524d0000,1710286523,1.472099430475745e+23,0.0,3971.76,19794,spark_ethereum,wETH
275,0x59cd1c87501baa753d0b5b5ab5d8416a45cd71db534d0000,1710372071,1.4374554444188229e+23,0.0,4006.96759142,19795,spark_ethereum,wETH
276,0x59cd1c87501baa753d0b5b5ab5d8416a45cd71db544d0000,1710460607,1.4438319775200803e+23,0.0,3876.2,19796,spark_ethereum,wETH
277,0x59cd1c87501baa753d0b5b5ab5d8416a45cd71db554d0000,1710547127,1.5215159942917207e+23,0.0,3741.3631,19797,spark_ethereum,wETH
278,0x59cd1c87501baa753d0b5b5ab5d8416a45cd71db564d0000,1710633371,1.4468617289095987e+23,0.0,3521.77,19798,spark_ethereum,wETH
279,0x59cd1c87501baa753d0b5b5ab5d8416a45cd71db574d0000,1710718139,1.4882515876918799e+23,0.0,3636.93339924,19799,spark_ethereum,wETH
280,0x59cd1c87501baa753d0b5b5ab5d8416a45cd71db584d0000,1710806207,1.5434373831468216e+23,0.0,3523.4095,19800,spark_ethereum,wETH
281,0x59cd1c87501baa753d0b5b5ab5d8416a45cd71db594d0000,1710892787,1.6969820300008913e+23,0.0,3157.71,19801,spark_ethereum,wETH
282,0x59cd1c87501baa753d0b5b5ab5d8416a45cd71db5a4d0000,1710978527,1.8054817001351015e+23,0.0,3527.123,19802,spark_ethereum,wETH
283,0x59cd1c87501baa753d0b5b5ab5d8416a45cd71db5b4d0000,1711063847,1.8659014909877773e+23,0.0,3491.11001,19803,spark_ethereum,wETH
284,0x59cd1c87501baa753d0b5b5ab5d8416a45cd71db5c4d0000,1711149551,1.7994771527144872e+23,0.0,3301.57602555,19804,spark_ethereum,wETH
285,0x59cd1c87501baa753d0b5b5ab5d8416a45cd71db5d4d0000,1711233983,1.7999342233498708e+23,0.0,3387.96434,19805,spark_ethereum,wETH
286,0x59cd1c87501baa753d0b5b5ab5d8416a45cd71db5e4d0000,1711320959,1.600676507266869e+23,0.0,3437.39625,19806,spark_ethereum,wETH
287,0x59cd1c87501baa753d0b5b5ab5d8416a45cd71db5f4d0000,1711396391,1.6099313908680923e+23,0.0,3623.60193681,19807,spark_ethereum,wETH
288,0x59cd1c87501baa753d0b5b5ab5d8416a45cd71db604d0000,1711494215,1.6090358851874582e+23,0.0,3597.24,19808,spark_ethereum,wETH
289,0x59cd1c87501baa753d0b5b5ab5d8416a45cd71db614d0000,1711583279,1.5493555396826006e+23,0.0,3491.53,19809,spark_ethereum,wETH
290,0x59cd1c87501baa753d0b5b5ab5d8416a45cd71db624d0000,1711666115,1.7006305956143914e+23,0.0,3561.47,19810,spark_ethereum,wETH
291,0x59cd1c87501baa753d0b5b5ab5d8416a45cd71db634d0000,1711753775,1.7932554692827626e+23,0.0,3519.33661,19811,spark_ethereum,wETH
292,0x59cd1c87501baa753d0b5b5ab5d8416a45cd71db644d0000,1711839263,1.789637659232685e+23,0.0,3507.48,19812,spark_ethereum,wETH
293,0x59cd1c87501baa753d0b5b5ab5d8416a45cd71db654d0000,1711927859,1.7859172106859012e+23,0.0,3648.15895405,19813,spark_ethereum,wETH
294,0x59cd1c87501baa753d0b5b5ab5d8416a45cd71db664d0000,1712015411,1.840137176786064e+23,0.0,3504.92,19814,spark_ethereum,wETH
295,0x59cd1c87501baa753d0b5b5ab5d8416a45cd71db674d0000,1712102207,1.8385567240271747e+23,0.0,3275.3416,19815,spark_ethereum,wETH
296,0x59cd1c87501baa753d0b5b5ab5d8416a45cd71db684d0000,1712188019,1.7749858954870768e+23,0.0,3318.9725,19816,spark_ethereum,wETH
297,0x59cd1c87501baa753d0b5b5ab5d8416a45cd71db694d0000,1712274083,1.7724477059660097e+23,0.0,3330.4,19817,spark_ethereum,wETH
298,0x59cd1c87501baa753d0b5b5ab5d8416a45cd71db6a4d0000,1712359259,1.751014559470162e+23,0.0,3321.35,19818,spark_ethereum,wETH
299,0x59cd1c87501baa753d0b5b5ab5d8416a45cd71db6b4d0000,1712445539,1.7915582253914824e+23,0.0,3397.42,19819,spark_ethereum,wETH
300,0x59cd1c87501baa753d0b5b5ab5d8416a45cd71db6c4d0000,1712532959,1.872024897636546e+23,0.0,3426.34384514,19820,spark_ethereum,wETH
301,0x59cd1c87501baa753d0b5b5ab5d8416a45cd71db6d4d0000,1712615387,1.8745083023826374e+23,0.0,3683.335824,19821,spark_ethereum,wETH
302,0x59cd1c87501baa753d0b5b5ab5d8416a45cd71db6e4d0000,1712706407,1.9454513214760582e+23,0.0,3497.23682,19822,spark_ethereum,wETH
303,0x59cd1c87501baa753d0b5b5ab5d8416a45cd71db6f4d0000,1712787035,1.7157680599007626e+23,0.0,3530.13845,19823,spark_ethereum,wETH
304,0x59cd1c87501baa753d0b5b5ab5d8416a45cd71db704d0000,1712879987,1.676075161118665e+23,0.0,3508.47272581,19824,spark_ethereum,wETH
305,0x59cd1c87501baa753d0b5b5ab5d8416a45cd71db714d0000,1712960639,1.635899252829165e+23,0.0,3218.31307,19825,spark_ethereum,wETH
306,0x59cd1c87501baa753d0b5b5ab5d8416a45cd71db724d0000,1713051407,1.623702184365252e+23,0.0,3033.70275626,19826,spark_ethereum,wETH
307,0x59cd1c87501baa753d0b5b5ab5d8416a45cd71db734d0000,1713139187,1.6536083558908813e+23,0.0,3154.53953871,19827,spark_ethereum,wETH
308,0x59cd1c87501baa753d0b5b5ab5d8416a45cd71db744d0000,1713221387,1.653492213804408e+23,0.0,3127.98463133,19828,spark_ethereum,wETH
309,0x59cd1c87501baa753d0b5b5ab5d8416a45cd71db754d0000,1713311819,1.6655648539954556e+23,0.0,3082.22,19829,spark_ethereum,wETH
310,0x59cd1c87501baa753d0b5b5ab5d8416a45cd71db764d0000,1713395375,1.6094179680816283e+23,0.0,3003.41,19830,spark_ethereum,wETH
311,0x59cd1c87501baa753d0b5b5ab5d8416a45cd71db774d0000,1713481295,1.5971262555886936e+23,0.0,3067.8445,19831,spark_ethereum,wETH
312,0x59cd1c87501baa753d0b5b5ab5d8416a45cd71db784d0000,1713565979,1.5873563663903892e+23,0.0,3099.52,19832,spark_ethereum,wETH
313,0x59cd1c87501baa753d0b5b5ab5d8416a45cd71db794d0000,1713652475,1.584682502106648e+23,0.0,3154.14749048,19833,spark_ethereum,wETH
314,0x59cd1c87501baa753d0b5b5ab5d8416a45cd71db7a4d0000,1713743903,1.5752738792312606e+23,0.0,3147.47429638,19834,spark_ethereum,wETH
315,0x59cd1c87501baa753d0b5b5ab5d8416a45cd71db7b4d0000,1713818363,1.550820441003286e+23,0.0,3187.8617,19835,spark_ethereum,wETH
316,0x59cd1c87501baa753d0b5b5ab5d8416a45cd71db7c4d0000,1713914543,1.5485953655626456e+23,0.0,3212.45,19836,spark_ethereum,wETH
317,0x59cd1c87501baa753d0b5b5ab5d8416a45cd71db7d4d0000,1714003055,1.5276398386098e+23,0.0,3138.88807267,19837,spark_ethereum,wETH
318,0x59cd1c87501baa753d0b5b5ab5d8416a45cd71db7e4d0000,1714086695,1.5194334464242848e+23,0.0,3158.1,19838,spark_ethereum,wETH
319,0x59cd1c87501baa753d0b5b5ab5d8416a45cd71db7f4d0000,1714169519,1.5058789454004516e+23,0.0,3148.61678838,19839,spark_ethereum,wETH
320,0x59cd1c87501baa753d0b5b5ab5d8416a45cd71db804d0000,1714261487,1.5063190537055038e+23,0.0,3245.02343228,19840,spark_ethereum,wETH
321,0x59cd1c87501baa753d0b5b5ab5d8416a45cd71db814d0000,1714345715,1.4972202896000567e+23,0.0,3271.87,19841,spark_ethereum,wETH
322,0x59cd1c87501baa753d0b5b5ab5d8416a45cd71db824d0000,1714431275,1.5095173843386246e+23,0.0,3208.62406,19842,spark_ethereum,wETH
323,0x59cd1c87501baa753d0b5b5ab5d8416a45cd71db834d0000,1714521455,1.5221104757449776e+23,0.0,3017.9482358,19843,spark_ethereum,wETH
324,0x59cd1c87501baa753d0b5b5ab5d8416a45cd71db844d0000,1714607687,1.4163424709046387e+23,0.0,2965.80672701,19844,spark_ethereum,wETH
325,0x59cd1c87501baa753d0b5b5ab5d8416a45cd71db854d0000,1714688459,1.3968230283658245e+23,0.0,3013.5113,19845,spark_ethereum,wETH
326,0x59cd1c87501baa753d0b5b5ab5d8416a45cd71db864d0000,1714780535,1.360240684483514e+23,0.0,3110.63529183,19846,spark_ethereum,wETH
327,0x59cd1c87501baa753d0b5b5ab5d8416a45cd71db874d0000,1714861751,1.3383314530685125e+23,0.0,3122.19931092,19847,spark_ethereum,wETH
328,0x59cd1c87501baa753d0b5b5ab5d8416a45cd71db884d0000,1714922819,1.3434092432951128e+23,0.0,3150.06103,19848,spark_ethereum,wETH
329,0x59cd1c87501baa753d0b5b5ab5d8416a45cd71db894d0000,1715036135,1.3417202023630005e+23,0.0,3082.35,19849,spark_ethereum,wETH
330,0x59cd1c87501baa753d0b5b5ab5d8416a45cd71db8a4d0000,1715125619,1.3563720457075102e+23,0.0,3024.19,19850,spark_ethereum,wETH
331,0x59cd1c87501baa753d0b5b5ab5d8416a45cd71db8b4d0000,1715209775,1.3722403738165627e+23,0.0,2963.09,19851,spark_ethereum,wETH
332,0x59cd1c87501baa753d0b5b5ab5d8416a45cd71db8c4d0000,1715296931,1.3714952035914964e+23,0.0,3039.82,19852,spark_ethereum,wETH
333,0x59cd1c87501baa753d0b5b5ab5d8416a45cd71db8d4d0000,1715383211,1.3802247989117804e+23,0.0,2903.06,19853,spark_ethereum,wETH
334,0x59cd1c87501baa753d0b5b5ab5d8416a45cd71db8e4d0000,1715471123,1.405799766259172e+23,0.0,2916.15274432,19854,spark_ethereum,wETH
335,0x59cd1c87501baa753d0b5b5ab5d8416a45cd71db8f4d0000,1715557775,1.4058255610829362e+23,0.0,2931.48391,19855,spark_ethereum,wETH
336,0x59cd1c87501baa753d0b5b5ab5d8416a45cd71db904d0000,1715642363,1.4063426589816857e+23,0.0,2941.68681213,19856,spark_ethereum,wETH
337,0x59cd1c87501baa753d0b5b5ab5d8416a45cd71db914d0000,1715723123,1.4085158224006318e+23,0.0,2892.3,19857,spark_ethereum,wETH
338,0x59cd1c87501baa753d0b5b5ab5d8416a45cd71db924d0000,1715814611,1.516063044579793e+23,0.0,3014.74453014,19858,spark_ethereum,wETH
339,0x59cd1c87501baa753d0b5b5ab5d8416a45cd71db934d0000,1715903951,1.515179744973199e+23,0.0,2945.56213,19859,spark_ethereum,wETH
340,0x59cd1c87501baa753d0b5b5ab5d8416a45cd71db944d0000,1715989667,1.3335297328722075e+23,0.0,3093.14288,19860,spark_ethereum,wETH
341,0x59cd1c87501baa753d0b5b5ab5d8416a45cd71db954d0000,1716075335,1.3835419253564206e+23,0.0,3118.07711074,19861,spark_ethereum,wETH
342,0x59cd1c87501baa753d0b5b5ab5d8416a45cd71db964d0000,1716163163,1.3736123689860808e+23,0.0,3072.84,19862,spark_ethereum,wETH
343,0x59cd1c87501baa753d0b5b5ab5d8416a45cd71db974d0000,1716249071,1.365797076930555e+23,0.0,3663.43,19863,spark_ethereum,wETH
344,0x59cd1c87501baa753d0b5b5ab5d8416a45cd71db984d0000,1716334439,1.3503126676318554e+23,0.0,3810.77,19864,spark_ethereum,wETH
345,0x59cd1c87501baa753d0b5b5ab5d8416a45cd71db994d0000,1716417899,1.3505685445408236e+23,0.0,3752.24498242,19865,spark_ethereum,wETH
346,0x59cd1c87501baa753d0b5b5ab5d8416a45cd71db9a4d0000,1716507179,1.3517502350699424e+23,0.0,3768.72,19866,spark_ethereum,wETH
347,0x59cd1c87501baa753d0b5b5ab5d8416a45cd71db9b4d0000,1716590759,1.3225991622451682e+23,0.0,3735.15,19867,spark_ethereum,wETH
348,0x59cd1c87501baa753d0b5b5ab5d8416a45cd71db9c4d0000,1716678971,1.29209916781005e+23,0.0,3737.56,19868,spark_ethereum,wETH
349,0x59cd1c87501baa753d0b5b5ab5d8416a45cd71db9d4d0000,1716765887,1.3691530218444404e+23,0.0,3840.98338679,19869,spark_ethereum,wETH
350,0x59cd1c87501baa753d0b5b5ab5d8416a45cd71db9e4d0000,1716852479,1.4417631480905562e+23,0.0,3882.8775,19870,spark_ethereum,wETH
351,0x59cd1c87501baa753d0b5b5ab5d8416a45cd71db9f4d0000,1716933107,1.4422153338330644e+23,0.0,3827.08812976,19871,spark_ethereum,wETH
352,0x59cd1c87501baa753d0b5b5ab5d8416a45cd71dba04d0000,1717025519,1.3775749129458214e+23,0.0,3775.06,19872,spark_ethereum,wETH
353,0x59cd1c87501baa753d0b5b5ab5d8416a45cd71dba14d0000,1717111643,1.3387818587593884e+23,0.0,3747.38,19873,spark_ethereum,wETH
354,0x59cd1c87501baa753d0b5b5ab5d8416a45cd71dba24d0000,1717191815,1.3732967803117246e+23,0.0,3789.32338203,19874,spark_ethereum,wETH
355,0x59cd1c87501baa753d0b5b5ab5d8416a45cd71dba34d0000,1717285175,1.3740851683166366e+23,0.0,3820.43413,19875,spark_ethereum,wETH
356,0x59cd1c87501baa753d0b5b5ab5d8416a45cd71dba44d0000,1717370339,1.3757460143688493e+23,0.0,3778.39209188,19876,spark_ethereum,wETH
357,0x59cd1c87501baa753d0b5b5ab5d8416a45cd71dba54d0000,1717458947,1.3823126168069392e+23,0.0,3766.51650137,19877,spark_ethereum,wETH
358,0x59cd1c87501baa753d0b5b5ab5d8416a45cd71dba64d0000,1717531043,1.3827300451028674e+23,0.0,3794.52463578,19878,spark_ethereum,wETH
359,0x59cd1c87501baa753d0b5b5ab5d8416a45cd71dba74d0000,1717628279,1.4868529420038626e+23,0.0,3849.9503,19879,spark_ethereum,wETH
360,0x59cd1c87501baa753d0b5b5ab5d8416a45cd71dba84d0000,1717717463,1.4868137858045989e+23,0.0,3806.67331039,19880,spark_ethereum,wETH
361,0x59cd1c87501baa753d0b5b5ab5d8416a45cd71dba94d0000,1717800239,1.487408424256023e+23,0.0,3686.86821941,19881,spark_ethereum,wETH
362,0x59cd1c87501baa753d0b5b5ab5d8416a45cd71dbaa4d0000,1717887011,1.5111821211206702e+23,0.0,3678.63778404,19882,spark_ethereum,wETH
363,0x59cd1c87501baa753d0b5b5ab5d8416a45cd71dbab4d0000,1717967531,1.528055316105349e+23,0.0,3699.50145241,19883,spark_ethereum,wETH
364,0x59cd1c87501baa753d0b5b5ab5d8416a45cd71dbac4d0000,1718059271,1.531992958296465e+23,0.0,3670.3,19884,spark_ethereum,wETH
365,0x59cd1c87501baa753d0b5b5ab5d8416a45cd71dbad4d0000,1718149643,1.5336497163310857e+23,0.0,3499.96,19885,spark_ethereum,wETH
366,0x59cd1c87501baa753d0b5b5ab5d8416a45cd71dbae4d0000,1718210639,1.533701600062509e+23,0.0,3597.94771253,19886,spark_ethereum,wETH
367,0x59cd1c87501baa753d0b5b5ab5d8416a45cd71dbaf4d0000,1718322371,1.547521688442151e+23,0.0,3462.52935702,19887,spark_ethereum,wETH
368,0x59cd1c87501baa753d0b5b5ab5d8416a45cd71dbb04d0000,1718409131,1.5396166286797837e+23,0.0,3483.01102,19888,spark_ethereum,wETH
369,0x59cd1c87501baa753d0b5b5ab5d8416a45cd71dbb14d0000,1718471315,1.5433788797578743e+23,0.0,3556.53,19889,spark_ethereum,wETH
370,0x59cd1c87501baa753d0b5b5ab5d8416a45cd71dbb24d0000,1718579543,1.5461984737858218e+23,0.0,3630.28,19890,spark_ethereum,wETH
371,0x59cd1c87501baa753d0b5b5ab5d8416a45cd71dbb34d0000,1718666207,1.5462727595942403e+23,0.0,3524.33228,19891,spark_ethereum,wETH
372,0x59cd1c87501baa753d0b5b5ab5d8416a45cd71dbb44d0000,1718750255,1.5462410868084406e+23,0.0,3470.9743,19892,spark_ethereum,wETH
373,0x59cd1c87501baa753d0b5b5ab5d8416a45cd71dbb54d0000,1718841131,1.569314899402689e+23,0.0,3561.00023925,19893,spark_ethereum,wETH
374,0x59cd1c87501baa753d0b5b5ab5d8416a45cd71dbb64d0000,1718925299,1.62256030257888e+23,0.0,3515.23810894,19894,spark_ethereum,wETH
375,0x59cd1c87501baa753d0b5b5ab5d8416a45cd71dbb74d0000,1719013727,1.6336917921734833e+23,0.0,3520.3406855,19895,spark_ethereum,wETH
376,0x59cd1c87501baa753d0b5b5ab5d8416a45cd71dbb84d0000,1719099899,1.6258424116018973e+23,0.0,3500.87444635,19896,spark_ethereum,wETH
377,0x59cd1c87501baa753d0b5b5ab5d8416a45cd71dbb94d0000,1719184967,1.62242905814355e+23,0.0,3421.46551573,19897,spark_ethereum,wETH
378,0x59cd1c87501baa753d0b5b5ab5d8416a45cd71dbba4d0000,1719273167,1.691534477132544e+23,0.0,3351.19172,19898,spark_ethereum,wETH
379,0x59cd1c87501baa753d0b5b5ab5d8416a45cd71dbbb4d0000,1719359831,1.7723121659405254e+23,0.0,3394.99849933,19899,spark_ethereum,wETH
380,0x59cd1c87501baa753d0b5b5ab5d8416a45cd71dbbc4d0000,1719445547,1.7719674324634367e+23,0.0,3379.2543,19900,spark_ethereum,wETH
381,0x59cd1c87501baa753d0b5b5ab5d8416a45cd71dbbd4d0000,1719526451,1.7736912717190193e+23,0.0,3442.7937143,19901,spark_ethereum,wETH
382,0x59cd1c87501baa753d0b5b5ab5d8416a45cd71dbbe4d0000,1719618623,1.771678253200975e+23,0.0,3367.57059196,19902,spark_ethereum,wETH
383,0x59cd1c87501baa753d0b5b5ab5d8416a45cd71dbbf4d0000,1719705215,1.842058281970301e+23,0.0,3369.9184864,19903,spark_ethereum,wETH
384,0x59cd1c87501baa753d0b5b5ab5d8416a45cd71dbc04d0000,1719791087,1.893270270483603e+23,0.0,3444.4608,19904,spark_ethereum,wETH
385,0x59cd1c87501baa753d0b5b5ab5d8416a45cd71dbc14d0000,1719872939,1.8941198429027032e+23,0.0,3427.79252697,19905,spark_ethereum,wETH
386,0x59cd1c87501baa753d0b5b5ab5d8416a45cd71dbc24d0000,1719956879,1.8952927154695184e+23,0.0,3414.0873,19906,spark_ethereum,wETH
387,0x59cd1c87501baa753d0b5b5ab5d8416a45cd71dbc34d0000,1720048475,2.0895899549168367e+23,0.0,3299.04302,19907,spark_ethereum,wETH
388,0x59cd1c87501baa753d0b5b5ab5d8416a45cd71dbc44d0000,1720137539,1.9000950864479805e+23,0.0,3052.65,19908,spark_ethereum,wETH
389,0x59cd1c87501baa753d0b5b5ab5d8416a45cd71dbc54d0000,1720223435,1.973026762623909e+23,0.0,2990.95877017,19909,spark_ethereum,wETH
390,0x59cd1c87501baa753d0b5b5ab5d8416a45cd71dbc64d0000,1720306235,1.9741634353772397e+23,0.0,3061.88195904,19910,spark_ethereum,wETH
391,0x59cd1c87501baa753d0b5b5ab5d8416a45cd71dbc74d0000,1720396787,2.069547689369259e+23,0.0,2930.03,19911,spark_ethereum,wETH
392,0x59cd1c87501baa753d0b5b5ab5d8416a45cd71dbc84d0000,1720482923,2.0937647984293228e+23,0.0,3017.62770987,19912,spark_ethereum,wETH
393,0x59cd1c87501baa753d0b5b5ab5d8416a45cd71dbc94d0000,1720556267,2.0672944211559523e+23,0.0,3066.06268373,19913,spark_ethereum,wETH
394,0x59cd1c87501baa753d0b5b5ab5d8416a45cd71dbca4d0000,1720655039,2.0559348581255857e+23,0.0,3100.68,19914,spark_ethereum,wETH
395,0x59cd1c87501baa753d0b5b5ab5d8416a45cd71dbcb4d0000,1720741655,1.999287871070455e+23,0.0,3100.9294,19915,spark_ethereum,wETH
396,0x59cd1c87501baa753d0b5b5ab5d8416a45cd71dbcc4d0000,1720823171,2.0029984524570005e+23,0.0,3117.69859624,19916,spark_ethereum,wETH
397,0x59cd1c87501baa753d0b5b5ab5d8416a45cd71dbcd4d0000,1720899839,2.0047769006553464e+23,0.0,3153.4475596,19917,spark_ethereum,wETH
398,0x59cd1c87501baa753d0b5b5ab5d8416a45cd71dbce4d0000,1720997987,1.9968014432576915e+23,0.0,3248.89317401,19918,spark_ethereum,wETH
399,0x59cd1c87501baa753d0b5b5ab5d8416a45cd71dbcf4d0000,1721086175,2.0443496294234866e+23,0.0,3491.98108985,19919,spark_ethereum,wETH
400,0x59cd1c87501baa753d0b5b5ab5d8416a45cd71dbd04d0000,1721166755,2.0438312724756902e+23,0.0,3433.03,19920,spark_ethereum,wETH
401,0x59cd1c87501baa753d0b5b5ab5d8416a45cd71dbd14d0000,1721257679,2.039210219217043e+23,0.0,3392.79,19921,spark_ethereum,wETH
402,0x59cd1c87501baa753d0b5b5ab5d8416a45cd71dbd24d0000,1721339339,2.0429724212278402e+23,0.0,3411.23022778,19922,spark_ethereum,wETH
403,0x59cd1c87501baa753d0b5b5ab5d8416a45cd71dbd34d0000,1721415923,2.0587820961813536e+23,0.0,3502.07138764,19923,spark_ethereum,wETH
404,0x59cd1c87501baa753d0b5b5ab5d8416a45cd71dbd44d0000,1721511827,1.9836582390964234e+23,0.0,3506.9,19924,spark_ethereum,wETH
405,0x59cd1c87501baa753d0b5b5ab5d8416a45cd71dbd54d0000,1721606207,1.9899984863166603e+23,0.0,3533.70389,19925,spark_ethereum,wETH
406,0x59cd1c87501baa753d0b5b5ab5d8416a45cd71dbd64d0000,1721692655,1.9888545274522677e+23,0.0,3441.4449,19926,spark_ethereum,wETH
407,0x59cd1c87501baa753d0b5b5ab5d8416a45cd71dbd74d0000,1721765423,1.9873522731899836e+23,0.0,3464.64,19927,spark_ethereum,wETH
408,0x59cd1c87501baa753d0b5b5ab5d8416a45cd71dbd84d0000,1721860763,2.1546817007559114e+23,0.0,3324.71,19928,spark_ethereum,wETH
409,0x59cd1c87501baa753d0b5b5ab5d8416a45cd71dbd94d0000,1721951363,2.1643688832804246e+23,0.0,3165.86278406,19929,spark_ethereum,wETH
410,0x59cd1c87501baa753d0b5b5ab5d8416a45cd71dbda4d0000,1722034415,2.1669872428359385e+23,0.0,3281.24618349,19930,spark_ethereum,wETH
411,0x59cd1c87501baa753d0b5b5ab5d8416a45cd71dbdb4d0000,1722122567,2.1538047044409456e+23,0.0,3259.00894897,19931,spark_ethereum,wETH
412,0x59cd1c87501baa753d0b5b5ab5d8416a45cd71dbdc4d0000,1722210875,2.148957189838725e+23,0.0,3273.0437199,19932,spark_ethereum,wETH
413,0x59cd1c87501baa753d0b5b5ab5d8416a45cd71dbdd4d0000,1722290495,2.1477933134904807e+23,0.0,3338.0955342,19933,spark_ethereum,wETH
414,0x59cd1c87501baa753d0b5b5ab5d8416a45cd71dbde4d0000,1722380459,2.1862996248014357e+23,0.0,3275.8051,19934,spark_ethereum,wETH
415,0x59cd1c87501baa753d0b5b5ab5d8416a45cd71dbdf4d0000,1722467183,2.1770111811258727e+23,0.0,3243.39437349,19935,spark_ethereum,wETH
416,0x59cd1c87501baa753d0b5b5ab5d8416a45cd71dbe04d0000,1722552983,2.1756300347027495e+23,0.0,3211.5,19936,spark_ethereum,wETH
417,0x59cd1c87501baa753d0b5b5ab5d8416a45cd71dbe14d0000,1722642599,2.1779874083385557e+23,0.0,2991.55643,19937,spark_ethereum,wETH
418,0x59cd1c87501baa753d0b5b5ab5d8416a45cd71dbe24d0000,1722728711,2.1655789015716058e+23,0.0,2910.0,19938,spark_ethereum,wETH
419,0x59cd1c87501baa753d0b5b5ab5d8416a45cd71dbe34d0000,1722815795,2.185158628644772e+23,0.0,2683.3051,19939,spark_ethereum,wETH
420,0x59cd1c87501baa753d0b5b5ab5d8416a45cd71dbe44d0000,1722902231,2.357252413455629e+23,0.0,2418.03561829,19940,spark_ethereum,wETH
421,0x59cd1c87501baa753d0b5b5ab5d8416a45cd71dbe54d0000,1722988223,2.3381181281763673e+23,0.0,2449.58726929,19941,spark_ethereum,wETH
422,0x59cd1c87501baa753d0b5b5ab5d8416a45cd71dbe64d0000,1723073975,2.3027706187607565e+23,0.0,2354.50519,19942,spark_ethereum,wETH
423,0x59cd1c87501baa753d0b5b5ab5d8416a45cd71dbe74d0000,1723161155,2.3119676418030767e+23,0.0,2682.14,19943,spark_ethereum,wETH
424,0x59cd1c87501baa753d0b5b5ab5d8416a45cd71dbe84d0000,1723245551,2.2670519267217462e+23,0.0,2586.3839,19944,spark_ethereum,wETH
425,0x59cd1c87501baa753d0b5b5ab5d8416a45cd71dbe94d0000,1723333727,2.265750361146878e+23,0.0,2608.7325501,19945,spark_ethereum,wETH
426,0x59cd1c87501baa753d0b5b5ab5d8416a45cd71dbea4d0000,1723409243,2.2666824927311114e+23,0.0,2563.6591,19946,spark_ethereum,wETH
427,0x59cd1c87501baa753d0b5b5ab5d8416a45cd71dbeb4d0000,1723502363,2.274138392152837e+23,0.0,2702.11040496,19947,spark_ethereum,wETH
428,0x59cd1c87501baa753d0b5b5ab5d8416a45cd71dbec4d0000,1723586747,2.341151806503565e+23,0.0,2723.87437303,19948,spark_ethereum,wETH
429,0x59cd1c87501baa753d0b5b5ab5d8416a45cd71dbed4d0000,1723676747,2.4183510486939955e+23,0.0,2668.767,19949,spark_ethereum,wETH
430,0x59cd1c87501baa753d0b5b5ab5d8416a45cd71dbee4d0000,1723764035,2.420396387364236e+23,0.0,2577.02,19950,spark_ethereum,wETH
431,0x59cd1c87501baa753d0b5b5ab5d8416a45cd71dbef4d0000,1723835711,2.403705617116534e+23,0.0,2617.69485077,19951,spark_ethereum,wETH
432,0x59cd1c87501baa753d0b5b5ab5d8416a45cd71dbf04d0000,1723916003,2.4035920310030258e+23,0.0,2624.34986,19952,spark_ethereum,wETH
433,0x59cd1c87501baa753d0b5b5ab5d8416a45cd71dbf14d0000,1724025371,2.3637271227026476e+23,0.0,2615.5535,19953,spark_ethereum,wETH
434,0x59cd1c87501baa753d0b5b5ab5d8416a45cd71dbf24d0000,1724110307,2.3589004875928932e+23,0.0,2635.65,19954,spark_ethereum,wETH
435,0x59cd1c87501baa753d0b5b5ab5d8416a45cd71dbf34d0000,1724198303,2.348389311304079e+23,0.0,2574.49,19955,spark_ethereum,wETH
436,0x59cd1c87501baa753d0b5b5ab5d8416a45cd71dbf44d0000,1724281163,2.348222947603708e+23,0.0,2633.95,19956,spark_ethereum,wETH
437,0x59cd1c87501baa753d0b5b5ab5d8416a45cd71dbf54d0000,1724370527,2.313981247039696e+23,0.0,2624.29275381,19957,spark_ethereum,wETH
438,0x59cd1c87501baa753d0b5b5ab5d8416a45cd71dbf64d0000,1724455691,2.3087086280604752e+23,0.0,2769.65,19958,spark_ethereum,wETH
439,0x59cd1c87501baa753d0b5b5ab5d8416a45cd71dbf74d0000,1724542151,2.3955804470169714e+23,0.0,2754.039558,19959,spark_ethereum,wETH
440,0x59cd1c87501baa753d0b5b5ab5d8416a45cd71dbf84d0000,1724629691,2.394781303158312e+23,0.0,2754.03,19960,spark_ethereum,wETH
441,0x59cd1c87501baa753d0b5b5ab5d8416a45cd71dbf94d0000,1724714231,2.362594907232393e+23,0.0,2688.76047701,19961,spark_ethereum,wETH
442,0x59cd1c87501baa753d0b5b5ab5d8416a45cd71dbfa4d0000,1724801951,2.3607440664555393e+23,0.0,2469.31288499,19962,spark_ethereum,wETH
443,0x59cd1c87501baa753d0b5b5ab5d8416a45cd71dbfb4d0000,1724884259,2.3529043781761298e+23,0.0,2522.1810605,19963,spark_ethereum,wETH
444,0x59cd1c87501baa753d0b5b5ab5d8416a45cd71dbfc4d0000,1724969291,2.3303522512537797e+23,0.0,2518.5144439,19964,spark_ethereum,wETH
445,0x59cd1c87501baa753d0b5b5ab5d8416a45cd71dbfd4d0000,1725059591,2.3294310068377332e+23,0.0,2526.73,19965,spark_ethereum,wETH
446,0x59cd1c87501baa753d0b5b5ab5d8416a45cd71dbfe4d0000,1725144995,2.3179807205573878e+23,0.0,2516.79,19966,spark_ethereum,wETH
447,0x59cd1c87501baa753d0b5b5ab5d8416a45cd71dbff4d0000,1725233639,2.3245784965023948e+23,0.0,2419.88,19967,spark_ethereum,wETH
448,0x59cd1c87501baa753d0b5b5ab5d8416a45cd71db004e0000,1725313511,2.320526500421416e+23,0.0,2542.07074731,19968,spark_ethereum,wETH
449,0x59cd1c87501baa753d0b5b5ab5d8416a45cd71db014e0000,1725407099,2.3181158342480508e+23,0.0,2442.7504,19969,spark_ethereum,wETH
450,0x59cd1c87501baa753d0b5b5ab5d8416a45cd71db024e0000,1725488843,2.332979016114495e+23,0.0,2462.86,19970,spark_ethereum,wETH
451,0x59cd1c87501baa753d0b5b5ab5d8416a45cd71db034e0000,1725579839,2.3321814987977697e+23,0.0,2369.79002304,19971,spark_ethereum,wETH
452,0x59cd1c87501baa753d0b5b5ab5d8416a45cd71db044e0000,1725665663,2.3326748553293412e+23,0.0,2220.52,19972,spark_ethereum,wETH
453,0x59cd1c87501baa753d0b5b5ab5d8416a45cd71db054e0000,1725750695,2.283962830201257e+23,0.0,2264.40323735,19973,spark_ethereum,wETH
454,0x59cd1c87501baa753d0b5b5ab5d8416a45cd71db064e0000,1725839711,2.3121470794039164e+23,0.0,2300.64137153,19974,spark_ethereum,wETH
455,0x59cd1c87501baa753d0b5b5ab5d8416a45cd71db074e0000,1725921767,2.3662657757923004e+23,0.0,2363.9083834,19975,spark_ethereum,wETH
456,0x59cd1c87501baa753d0b5b5ab5d8416a45cd71db084e0000,1726007675,2.39243660527773e+23,0.0,2382.71479849,19976,spark_ethereum,wETH
457,0x59cd1c87501baa753d0b5b5ab5d8416a45cd71db094e0000,1726084187,2.375950327642626e+23,0.0,2334.41,19977,spark_ethereum,wETH
458,0x59cd1c87501baa753d0b5b5ab5d8416a45cd71db0a4e0000,1726183031,2.374285844122772e+23,0.0,2349.79202307,19978,spark_ethereum,wETH
459,0x59cd1c87501baa753d0b5b5ab5d8416a45cd71db0b4e0000,1726268579,2.3741969152004238e+23,0.0,2454.1860888,19979,spark_ethereum,wETH
460,0x59cd1c87501baa753d0b5b5ab5d8416a45cd71db0c4e0000,1726357931,2.3634698688085643e+23,0.0,2417.0945,19980,spark_ethereum,wETH
461,0x59cd1c87501baa753d0b5b5ab5d8416a45cd71db0d4e0000,1726444331,2.366157760940371e+23,0.0,2323.68295,19981,spark_ethereum,wETH
462,0x59cd1c87501baa753d0b5b5ab5d8416a45cd71db0e4e0000,1726529123,2.365477209908556e+23,0.0,2280.0162449,19982,spark_ethereum,wETH
463,0x59cd1c87501baa753d0b5b5ab5d8416a45cd71db0f4e0000,1726616075,2.354372147521842e+23,0.0,2337.6623735,19983,spark_ethereum,wETH
464,0x59cd1c87501baa753d0b5b5ab5d8416a45cd71db104e0000,1726703987,2.3644804823690366e+23,0.0,2357.31598908,19984,spark_ethereum,wETH
465,0x59cd1c87501baa753d0b5b5ab5d8416a45cd71db114e0000,1726788047,2.3919955270663083e+23,0.0,2473.8515674,19985,spark_ethereum,wETH
466,0x59cd1c87501baa753d0b5b5ab5d8416a45cd71db124e0000,1726874819,2.3774467881820928e+23,0.0,2552.1104,19986,spark_ethereum,wETH
467,0x59cd1c87501baa753d0b5b5ab5d8416a45cd71db134e0000,1726947455,2.368016242738494e+23,0.0,2563.4494995,19987,spark_ethereum,wETH
468,0x59cd1c87501baa753d0b5b5ab5d8416a45cd71db144e0000,1727018555,2.368120718585169e+23,0.0,2568.9427,19988,spark_ethereum,wETH
